{
"type": "FeatureCollection",
"name": "parcels",
"crs": { "type": "name", "properties": { "name": "urn:ogc:def:crs:OGC:1.3:CRS84" } },
"features": [
{ "type": "Feature", "properties": { "lo_id": "L01", "seg": 100, "area_ha": 1.6579, "ndvi_2026-07-18": 0.429, "ndvi_2026-07-26": 0.469, "ndvi_2026-08-10": 0.573, "ndvi_change": 0.144, "loai": "Sinh trưởng đều" }, "geometry": { "type": "Polygon", "coordinates": [ [ [ 105.854625494014414, 20.255937538993059 ], [ 105.854615841992967, 20.255949181259751 ], [ 105.854657207799207, 20.25605008086788 ], [ 105.854657207799207, 20.256091475559934 ], [ 105.854624115154209, 20.25609923706347 ], [ 105.854629630595042, 20.2561483932435 ], [ 105.854534489240677, 20.256191081492478 ], [ 105.854382814617765, 20.256209191655159 ], [ 105.854363510574842, 20.256263522130556 ], [ 105.854331796790049, 20.256197549407961 ], [ 105.854331796790049, 20.256138044575316 ], [ 105.854309735026717, 20.256122521571736 ], [ 105.854320765908383, 20.256101824231237 ], [ 105.854298704145052, 20.25602938351771 ], [ 105.854305598446103, 20.255981520884873 ], [ 105.854214593672353, 20.256015154087866 ], [ 105.85379679902924, 20.256070778215285 ], [ 105.853813345351739, 20.256088888391997 ], [ 105.853794041308831, 20.256091475559934 ], [ 105.853791283588407, 20.256127695906432 ], [ 105.853865742039659, 20.256182026410343 ], [ 105.853860226598826, 20.25623118256415 ], [ 105.853878151781544, 20.256237650477964 ], [ 105.853905728985694, 20.256216953152808 ], [ 105.853976050856318, 20.256298448854679 ], [ 105.853974671996113, 20.256320439751036 ], [ 105.853956746813409, 20.256293274525678 ], [ 105.853956746813409, 20.25631914616898 ], [ 105.853992597178831, 20.25637347660588 ], [ 105.853967777695075, 20.256363127952703 ], [ 105.854006385780906, 20.256427807023783 ], [ 105.854013280081944, 20.256408403305294 ], [ 105.854022932103405, 20.256417458374212 ], [ 105.854083601952567, 20.256616669757108 ], [ 105.854094632834233, 20.257046137583149 ], [ 105.854072571070915, 20.257059073342607 ], [ 105.854044993866736, 20.257167733679534 ], [ 105.854021553243186, 20.257192311602324 ], [ 105.85399535489924, 20.25718843087795 ], [ 105.854009143501315, 20.257229825266482 ], [ 105.853980187436946, 20.257207834498949 ], [ 105.853933306189859, 20.257218183095826 ], [ 105.853925033028617, 20.257202660200242 ], [ 105.853904350125489, 20.257224650968521 ], [ 105.853952610232781, 20.257264751773235 ], [ 105.853974671996113, 20.257249228882323 ], [ 105.853984324017574, 20.257291916828599 ], [ 105.854056024748402, 20.257333311189551 ], [ 105.854050509307569, 20.257382466978854 ], [ 105.854014658942148, 20.257436797043631 ], [ 105.854022932103405, 20.25747042993137 ], [ 105.853976050856318, 20.257581677123468 ], [ 105.853945715931729, 20.257589438552493 ], [ 105.853940200490896, 20.257617897122294 ], [ 105.853965019974652, 20.257628245691844 ], [ 105.853956746813409, 20.25765929139633 ], [ 105.853996733759445, 20.257699392088764 ], [ 105.854050509307569, 20.257685162811985 ], [ 105.854049130447351, 20.257704566370915 ], [ 105.854011901221739, 20.257711034223348 ], [ 105.854035341845275, 20.257709740652878 ], [ 105.854050509307569, 20.25773173134932 ], [ 105.854049130447351, 20.257805464838192 ], [ 105.854065676769864, 20.257782180582335 ], [ 105.854164954704856, 20.25782874909056 ], [ 105.854255959478593, 20.257782180582339 ], [ 105.854413149542339, 20.257761483463074 ], [ 105.854520700638588, 20.257722676357034 ], [ 105.854528973799844, 20.25773819920062 ], [ 105.854534489240677, 20.25770715351192 ], [ 105.854563445305061, 20.257705859941424 ], [ 105.854541383541715, 20.257630832834124 ], [ 105.854560687584623, 20.257617897122291 ], [ 105.854544141262139, 20.257584264266526 ], [ 105.854564824165251, 20.257554512118798 ], [ 105.854588264788788, 20.257573915694053 ], [ 105.854606189971506, 20.257714914934674 ], [ 105.854619978573581, 20.257678694958482 ], [ 105.854628251734852, 20.25771491493467 ], [ 105.854697194745256, 20.257704566370915 ], [ 105.854724771949421, 20.257681282099906 ], [ 105.854745454852534, 20.257685162811992 ], [ 105.854733045110663, 20.257704566370919 ], [ 105.85492608553983, 20.257598493552536 ], [ 105.854957799324609, 20.257610135694691 ], [ 105.854964693625661, 20.257639887831747 ], [ 105.854995028550235, 20.25763471354745 ], [ 105.855047425238155, 20.257603667838048 ], [ 105.855048804098359, 20.257581677123468 ], [ 105.855077760162729, 20.257559686405759 ], [ 105.855106716227112, 20.257566154264232 ], [ 105.855004680571696, 20.257294503976478 ], [ 105.854946768442943, 20.257224650968514 ], [ 105.854974345647122, 20.257134100726233 ], [ 105.8549550416042, 20.257048724735128 ], [ 105.854930222120444, 20.25700733029829 ], [ 105.854927464400035, 20.25694523862235 ], [ 105.854897129475447, 20.256911605620857 ], [ 105.854839217346708, 20.256637367028983 ], [ 105.854717877648369, 20.256231182564147 ], [ 105.854723393089202, 20.256171677744398 ], [ 105.854679269562538, 20.256075952551711 ], [ 105.854676511842129, 20.256026796348742 ], [ 105.854625494014414, 20.255937538993059 ] ] ] } },
{ "type": "Feature", "properties": { "lo_id": "L02", "seg": 113, "area_ha": 1.0886, "ndvi_2026-07-18": 0.176, "ndvi_2026-07-26": 0.291, "ndvi_2026-08-10": 0.648, "ndvi_change": 0.472, "loai": "Bật xanh mạnh — mới gieo/tái sinh" }, "geometry": { "type": "Polygon", "coordinates": [ [ [ 105.855612757923552, 20.256297155272442 ], [ 105.855287346914395, 20.256408403305294 ], [ 105.855269421731691, 20.25642780702378 ], [ 105.855308029817522, 20.256541642123427 ], [ 105.855291483495023, 20.256541642123427 ], [ 105.855295620075637, 20.256524825579877 ], [ 105.855025363474823, 20.256659357877339 ], [ 105.855004680571696, 20.256678761564455 ], [ 105.855021226894195, 20.256691697354555 ], [ 105.855008817152338, 20.256708513880014 ], [ 105.854934358701072, 20.25673438545412 ], [ 105.854939874141905, 20.256863743259999 ], [ 105.854917812378574, 20.256806825838694 ], [ 105.854880583152948, 20.256823642351701 ], [ 105.854974345647122, 20.257134100726233 ], [ 105.854946768442943, 20.257224650968514 ], [ 105.855004680571696, 20.257294503976478 ], [ 105.855084654463781, 20.257524759965378 ], [ 105.855141187732315, 20.257575209265635 ], [ 105.855215646183566, 20.257562273549194 ], [ 105.855190826699811, 20.257590732123969 ], [ 105.855350774483981, 20.257492420661702 ], [ 105.855408686612719, 20.257438090616382 ], [ 105.856001596502281, 20.257166440104545 ], [ 105.855939547792914, 20.257147036478354 ], [ 105.85597677701854, 20.257119871397645 ], [ 105.85603193142687, 20.257099174190092 ], [ 105.856053993190201, 20.257106935643254 ], [ 105.856109147598531, 20.257060366918491 ], [ 105.856150513404785, 20.257083651282624 ], [ 105.856162923146655, 20.257069421949389 ], [ 105.856105011017917, 20.257020266060984 ], [ 105.855688595235009, 20.256332081989012 ], [ 105.855665154611458, 20.256307503930021 ], [ 105.855629304246065, 20.256317852586921 ], [ 105.855612757923552, 20.256297155272442 ] ] ] } },
{ "type": "Feature", "properties": { "lo_id": "L03", "seg": 98, "area_ha": 0.7729, "ndvi_2026-07-18": 0.81, "ndvi_2026-07-26": 0.776, "ndvi_2026-08-10": 0.79, "ndvi_change": -0.02, "loai": "Tán dày ổn định — cây lâu năm/vườn" }, "geometry": { "type": "Polygon", "coordinates": [ [ [ 105.852732318948455, 20.256746027661062 ], [ 105.852634419873667, 20.256744734082556 ], [ 105.852624767852205, 20.25679518363631 ], [ 105.852663375938036, 20.25690643131227 ], [ 105.852726803507622, 20.257004743145632 ], [ 105.852721288066789, 20.25704096327906 ], [ 105.852741970969902, 20.257083651282624 ], [ 105.852759896152619, 20.257061660494369 ], [ 105.852757138432196, 20.257105642067749 ], [ 105.852740592109697, 20.257110816369675 ], [ 105.852773684754695, 20.257219476670379 ], [ 105.852787473356784, 20.257219476670386 ], [ 105.852783336776156, 20.257197485901372 ], [ 105.852795746518026, 20.257206540924283 ], [ 105.852779200195528, 20.257234999564265 ], [ 105.852792988797617, 20.257245348159337 ], [ 105.852790231077194, 20.257325549747716 ], [ 105.852809535120116, 20.257356595512753 ], [ 105.852806777399692, 20.25741868702416 ], [ 105.85283987004469, 20.257560979977491 ], [ 105.852859174087612, 20.257573915694056 ], [ 105.85283987004469, 20.257581677123461 ], [ 105.852853658646779, 20.257711034223348 ], [ 105.852828839163024, 20.257734318489877 ], [ 105.852848143205946, 20.257793822710696 ], [ 105.852823323722191, 20.257819694103951 ], [ 105.852855037506984, 20.257833923368384 ], [ 105.852863310668241, 20.257815813395229 ], [ 105.852904676474481, 20.257833923368388 ], [ 105.853045320215728, 20.257836510507243 ], [ 105.853056351097393, 20.257815813395226 ], [ 105.853155629032386, 20.257815813395226 ], [ 105.853213541161139, 20.257839097646052 ], [ 105.853236981784676, 20.257827455521085 ], [ 105.8532231931826, 20.257822281243033 ], [ 105.853234224064266, 20.25779123557113 ], [ 105.853201131419283, 20.257778299872673 ], [ 105.853231466343843, 20.257770538453101 ], [ 105.853212162300935, 20.25775760275291 ], [ 105.853238360644895, 20.257730437779031 ], [ 105.853265937849059, 20.257743373481468 ], [ 105.85327834759093, 20.257698098518208 ], [ 105.853310061375723, 20.257689043523968 ], [ 105.853392792988217, 20.257699392088771 ], [ 105.853478282321134, 20.257756309182831 ], [ 105.853500344084466, 20.257730437779035 ], [ 105.853519648127374, 20.257748547762148 ], [ 105.853561013933628, 20.257748547762148 ], [ 105.853599622019459, 20.257720089216289 ], [ 105.853602379739868, 20.257764070603137 ], [ 105.85366442844925, 20.257426448461338 ], [ 105.85365063984716, 20.25739022841784 ], [ 105.853669943890083, 20.257385054125216 ], [ 105.85366442844925, 20.2572582839022 ], [ 105.853621683782791, 20.257290623254644 ], [ 105.853589969997998, 20.257286742532706 ], [ 105.85361203176133, 20.257304852567593 ], [ 105.853605137460292, 20.257334604763162 ], [ 105.853577560256142, 20.257308733289069 ], [ 105.853561013933628, 20.257326843321387 ], [ 105.853573423675499, 20.257266045347411 ], [ 105.853503101804876, 20.257259577476432 ], [ 105.853446568536341, 20.257214302372081 ], [ 105.853457599418007, 20.257198779476113 ], [ 105.853441053095509, 20.257191018027541 ], [ 105.853457599418007, 20.257185843728287 ], [ 105.85342450677301, 20.257180669428855 ], [ 105.853443810815918, 20.257126339274432 ], [ 105.85346311485884, 20.257123752123757 ], [ 105.853456220557817, 20.257083651282624 ], [ 105.853425885633214, 20.25706554122193 ], [ 105.85339830842905, 20.257062954070236 ], [ 105.853392792988217, 20.25708106413121 ], [ 105.853370731224885, 20.257062954070228 ], [ 105.853356942622796, 20.257070715525202 ], [ 105.853351427181963, 20.25704743115913 ], [ 105.853325228838017, 20.257046137583149 ], [ 105.853337638579887, 20.257006036721958 ], [ 105.853310061375723, 20.25702414678959 ], [ 105.853276968730739, 20.257008623874619 ], [ 105.853268695569469, 20.25703708255088 ], [ 105.853248012666342, 20.257033201822612 ], [ 105.853246633806151, 20.257011211027216 ], [ 105.853245254945932, 20.257022853213396 ], [ 105.853234224064266, 20.257028027518086 ], [ 105.853219056601972, 20.256990513805182 ], [ 105.853196994838655, 20.256987926652229 ], [ 105.853169417634476, 20.257013798179784 ], [ 105.853154250172182, 20.256973697310244 ], [ 105.853132188408864, 20.256971110157021 ], [ 105.853143219290516, 20.256950412929637 ], [ 105.853121157527184, 20.256955587236739 ], [ 105.853114263226146, 20.256912899197975 ], [ 105.853100474624057, 20.256931009276453 ], [ 105.853026016172834, 20.256918073506327 ], [ 105.852968104044066, 20.256936183584212 ], [ 105.852868826109074, 20.256918073506323 ], [ 105.852893645592815, 20.256915486352167 ], [ 105.852907434194904, 20.256887027653619 ], [ 105.852935011399069, 20.256887027653612 ], [ 105.852914328495942, 20.256880559766834 ], [ 105.852946042280749, 20.256871504724927 ], [ 105.852943284560311, 20.256858568949838 ], [ 105.852995681248231, 20.25686115610495 ], [ 105.85298602922677, 20.256849513906626 ], [ 105.853002575549269, 20.256844339595983 ], [ 105.85286606838865, 20.256845633173661 ], [ 105.852914328495942, 20.256823642351698 ], [ 105.852911570775532, 20.256787422167573 ], [ 105.852926738237826, 20.256775779963732 ], [ 105.852853658646779, 20.256764137759014 ], [ 105.852879856990739, 20.256755082710303 ], [ 105.852750244131158, 20.256762844180667 ], [ 105.852747486410735, 20.256775779963732 ], [ 105.852776442475118, 20.256777073541969 ], [ 105.852753001851568, 20.256793890058205 ], [ 105.852732318948455, 20.256746027661062 ] ] ] } },
{ "type": "Feature", "properties": { "lo_id": "L04", "seg": 22, "area_ha": 0.6394, "ndvi_2026-07-18": 0.883, "ndvi_2026-07-26": 0.838, "ndvi_2026-08-10": 0.844, "ndvi_change": -0.039, "loai": "Tán dày ổn định — cây lâu năm/vườn" }, "geometry": { "type": "Polygon", "coordinates": [ [ [ 105.853315576816556, 20.257689043523971 ], [ 105.85327834759093, 20.257698098518208 ], [ 105.853265937849059, 20.257743373481468 ], [ 105.853238360644895, 20.257730437779031 ], [ 105.853212162300935, 20.25775760275291 ], [ 105.853231466343843, 20.257770538453101 ], [ 105.853203889139678, 20.257780887012455 ], [ 105.853234224064266, 20.25779123557113 ], [ 105.85322595090301, 20.257824868382066 ], [ 105.853239739505099, 20.257830042660036 ], [ 105.853213541161139, 20.257839097646052 ], [ 105.853180448516142, 20.257820987673487 ], [ 105.853067381979059, 20.257828749090557 ], [ 105.853056351097393, 20.257815813395226 ], [ 105.853045320215728, 20.257836510507243 ], [ 105.852904676474481, 20.257833923368388 ], [ 105.852860552947817, 20.257815813395229 ], [ 105.852857795227408, 20.257836510507236 ], [ 105.852830218023243, 20.257818400534383 ], [ 105.852808156259911, 20.257839097646045 ], [ 105.852780579055732, 20.257813226256033 ], [ 105.852792988797617, 20.257840391215431 ], [ 105.852762653873029, 20.257840391215428 ], [ 105.852817808281358, 20.257907656808715 ], [ 105.852815050560949, 20.257938702457334 ], [ 105.852779200195528, 20.257964573826428 ], [ 105.852790231077194, 20.258005968008021 ], [ 105.852754380711787, 20.258060297854612 ], [ 105.852768169313862, 20.25807582066442 ], [ 105.852744728690325, 20.258059004287052 ], [ 105.852718530346365, 20.258073233529572 ], [ 105.852735076668864, 20.258187067422703 ], [ 105.852690953142215, 20.258166370357436 ], [ 105.852699226303457, 20.258207764485213 ], [ 105.852685437701368, 20.258207764485217 ], [ 105.852701984023867, 20.258236222941665 ], [ 105.852689574281996, 20.258258213563529 ], [ 105.852666133658445, 20.258256919997624 ], [ 105.852689574281996, 20.258297020535693 ], [ 105.852728182367827, 20.258278910616554 ], [ 105.85274610755053, 20.258293139838919 ], [ 105.852759896152619, 20.258316424018137 ], [ 105.852735076668864, 20.258306075494463 ], [ 105.85274610755053, 20.258355230975749 ], [ 105.852729561228031, 20.2583578181059 ], [ 105.852729561228031, 20.25837592801583 ], [ 105.852762653873029, 20.258383689405154 ], [ 105.852754380711787, 20.258414734958567 ], [ 105.852714393765737, 20.258449661198732 ], [ 105.852670270239074, 20.258470358226237 ], [ 105.852644071895114, 20.258463890405434 ], [ 105.852659239357408, 20.258483293867005 ], [ 105.852612358110335, 20.258441899812698 ], [ 105.85259994836845, 20.258474238918581 ], [ 105.852627525572615, 20.258494935942799 ], [ 105.852642693034909, 20.258553146308628 ], [ 105.852677164540111, 20.258541504237215 ], [ 105.852674406819702, 20.258606182400737 ], [ 105.852701984023867, 20.258629466533005 ], [ 105.852701984023867, 20.258665686287372 ], [ 105.852736455529083, 20.258685089723727 ], [ 105.852786094496565, 20.258677328349471 ], [ 105.852808156259911, 20.258716135216861 ], [ 105.852802640819078, 20.25865663134957 ], [ 105.852823323722191, 20.258699318908842 ], [ 105.852838491184485, 20.258713548092665 ], [ 105.852844006625318, 20.258700612471067 ], [ 105.85289226673261, 20.258740712894529 ], [ 105.852914328495942, 20.258771758376529 ], [ 105.852885372431572, 20.258742006456394 ], [ 105.852861931808036, 20.258758822759777 ], [ 105.852908813055109, 20.258797629606789 ], [ 105.852889509012186, 20.258805390975031 ], [ 105.852878478130521, 20.258846784932427 ], [ 105.852933632538864, 20.258895940242478 ], [ 105.852903297614276, 20.258932159934677 ], [ 105.852914328495942, 20.258970966738357 ], [ 105.852893645592815, 20.258946389097147 ], [ 105.852881235850958, 20.258965792498437 ], [ 105.852901918754071, 20.259021415568633 ], [ 105.853145977010939, 20.2588079780977 ], [ 105.853141840430311, 20.258783400430687 ], [ 105.853161144473219, 20.258801510290958 ], [ 105.853234224064266, 20.258738125770744 ], [ 105.853203889139678, 20.258730364399138 ], [ 105.853220435462177, 20.258691557535311 ], [ 105.85319975255905, 20.258672154099763 ], [ 105.853183206236551, 20.258721309465109 ], [ 105.853176311935513, 20.25869414465987 ], [ 105.853140461570106, 20.258678621911866 ], [ 105.853150113591553, 20.258723896589181 ], [ 105.85310599006489, 20.258708373844161 ], [ 105.853100474624057, 20.258682502599015 ], [ 105.853068760839264, 20.258699318908842 ], [ 105.85307979172093, 20.258639815035117 ], [ 105.853067381979059, 20.258628172970194 ], [ 105.853005333269692, 20.258642402160525 ], [ 105.853035668194266, 20.258624292281691 ], [ 105.853005333269692, 20.25858548539134 ], [ 105.853010848710525, 20.258515632964279 ], [ 105.853059108817817, 20.258514339400513 ], [ 105.853060487678022, 20.25848717455905 ], [ 105.853072897419892, 20.258498816634532 ], [ 105.853085307161763, 20.258479413174893 ], [ 105.853082549441353, 20.258448367634418 ], [ 105.853056351097393, 20.258449661198735 ], [ 105.85303842591469, 20.258487174559058 ], [ 105.853030152753433, 20.258383689405154 ], [ 105.853048077936151, 20.258390157229289 ], [ 105.853049456796356, 20.25837592801583 ], [ 105.853035668194266, 20.258365579496125 ], [ 105.853032910473857, 20.258187067422707 ], [ 105.853070139699483, 20.258154728256997 ], [ 105.853082549441353, 20.258202590219845 ], [ 105.853099095763852, 20.258205177352551 ], [ 105.853100474624057, 20.258180599590105 ], [ 105.853123915247608, 20.258197415954307 ], [ 105.853125294107812, 20.258227167978816 ], [ 105.853213541161139, 20.258224580846463 ], [ 105.853214920021344, 20.258243984337973 ], [ 105.853250770386765, 20.258259507129416 ], [ 105.853248012666342, 20.258326772541103 ], [ 105.853257664687803, 20.258320304714328 ], [ 105.853285241891967, 20.258359111670959 ], [ 105.853297651633838, 20.258290552707667 ], [ 105.85333074427885, 20.258285378445049 ], [ 105.853305924795094, 20.258275029919321 ], [ 105.853297651633838, 20.258243984337977 ], [ 105.853321092257389, 20.258253039299838 ], [ 105.853352806042182, 20.25819224168859 ], [ 105.853387277547398, 20.258198709520702 ], [ 105.853399687289254, 20.258184480289696 ], [ 105.853385898687179, 20.258174131757244 ], [ 105.853401066149459, 20.25817801245698 ], [ 105.853409339310716, 20.258157315390509 ], [ 105.853434158794471, 20.258149553989874 ], [ 105.853446568536341, 20.258176718890407 ], [ 105.853467251439469, 20.258180599590105 ], [ 105.85346587257925, 20.258163783224081 ], [ 105.8534893132028, 20.258157315390502 ], [ 105.853508617245708, 20.258188360989205 ], [ 105.853523784708003, 20.258184480289692 ], [ 105.853527921288631, 20.25814955398987 ], [ 105.853588591137793, 20.25817801245698 ], [ 105.853613410621534, 20.258157315390505 ], [ 105.85361203176133, 20.258181893156642 ], [ 105.853628578083828, 20.258176718890414 ], [ 105.853620304922586, 20.258052536449114 ], [ 105.853642366685932, 20.257990445191204 ], [ 105.853572044815294, 20.257971041668036 ], [ 105.853558256213205, 20.257916711790216 ], [ 105.853541709890706, 20.257932234614387 ], [ 105.853497586364057, 20.25790636323989 ], [ 105.853494828643633, 20.257950344573963 ], [ 105.853456220557817, 20.257921886065098 ], [ 105.85345070511697, 20.257937408888765 ], [ 105.853412097031125, 20.257937408888761 ], [ 105.853392792988217, 20.257973628804596 ], [ 105.853370731224885, 20.257973628804603 ], [ 105.853391414128026, 20.257936115320188 ], [ 105.853377625525923, 20.257925766771166 ], [ 105.853402445009678, 20.257918005358942 ], [ 105.853391414128026, 20.257879198292027 ], [ 105.853416233611753, 20.2578766111539 ], [ 105.853388656407589, 20.257863675462559 ], [ 105.853407960450511, 20.257850739770145 ], [ 105.853394171848421, 20.257824868382066 ], [ 105.853423127912791, 20.25782098767349 ], [ 105.853452083977189, 20.257773125593001 ], [ 105.853414854751549, 20.257709740652878 ], [ 105.853315576816556, 20.257689043523971 ] ] ] } },
{ "type": "Feature", "properties": { "lo_id": "L05", "seg": 118, "area_ha": 0.4171, "ndvi_2026-07-18": 0.287, "ndvi_2026-07-26": 0.692, "ndvi_2026-08-10": 0.364, "ndvi_change": 0.077, "loai": "Che phủ thưa / đất trống, công trình" }, "geometry": { "type": "Polygon", "coordinates": [ [ [ 105.851514785384552, 20.256566220145356 ], [ 105.851343806718731, 20.256623137654874 ], [ 105.85121557271934, 20.256740853346979 ], [ 105.851230740181634, 20.256747321239551 ], [ 105.851263832826632, 20.256716275352698 ], [ 105.851301062052258, 20.256740853346979 ], [ 105.851287273450168, 20.256761550602295 ], [ 105.851331396976832, 20.256813293728531 ], [ 105.851331396976832, 20.25683399097419 ], [ 105.851317608374757, 20.256831403818637 ], [ 105.851375520503495, 20.256896082694627 ], [ 105.851350701019754, 20.256960761543674 ], [ 105.851437569212877, 20.257055192614882 ], [ 105.851444463513914, 20.257020266060991 ], [ 105.851492723621206, 20.256998275263761 ], [ 105.851972566973686, 20.257513117816835 ], [ 105.852060814027013, 20.257469136358896 ], [ 105.852110452994509, 20.25747172350383 ], [ 105.852206973209093, 20.257419980597049 ], [ 105.852251096735756, 20.257370824819628 ], [ 105.852274537359307, 20.257366944099694 ], [ 105.852285568240973, 20.257317788305489 ], [ 105.85237105757389, 20.257263458199056 ], [ 105.852362784412634, 20.257203953774937 ], [ 105.852344859229916, 20.257238880287503 ], [ 105.852115968435356, 20.257006036721965 ], [ 105.852110452994509, 20.257039669703001 ], [ 105.851911897124523, 20.25702932109424 ], [ 105.851881562199935, 20.257037082550877 ], [ 105.851876046759116, 20.257060366918498 ], [ 105.851859500436603, 20.257044844007144 ], [ 105.851848469554938, 20.257060366918495 ], [ 105.851837438673272, 20.25703708255088 ], [ 105.851815376909954, 20.257057779766715 ], [ 105.85178917856598, 20.257025440365773 ], [ 105.851808482608902, 20.257009917450922 ], [ 105.851791936286403, 20.256996981687362 ], [ 105.851805724888479, 20.25698145876968 ], [ 105.851772632243481, 20.256955587236746 ], [ 105.851776768824109, 20.25702932109424 ], [ 105.851742297318907, 20.256996981687365 ], [ 105.851753328200573, 20.256971110157021 ], [ 105.851663702287027, 20.256874091879801 ], [ 105.851619578760364, 20.256918073506323 ], [ 105.851619578760364, 20.256884440498936 ], [ 105.851590622695994, 20.256898669849097 ], [ 105.851603032437865, 20.256861156104947 ], [ 105.851561666631625, 20.256899963426321 ], [ 105.851623715340992, 20.25683399097419 ], [ 105.851598895857236, 20.256751201974982 ], [ 105.851557530050997, 20.256735679032715 ], [ 105.851552014610164, 20.256681348722555 ], [ 105.851582349534738, 20.25667617440633 ], [ 105.851518921965166, 20.256632192711272 ], [ 105.851509269943705, 20.256597266062233 ], [ 105.851488587040578, 20.256611495438712 ], [ 105.851487208180373, 20.256597266062236 ], [ 105.851521679685575, 20.256580449524687 ], [ 105.851514785384552, 20.256566220145356 ] ] ] } },
{ "type": "Feature", "properties": { "lo_id": "L06", "seg": 136, "area_ha": 0.3788, "ndvi_2026-07-18": 0.285, "ndvi_2026-07-26": 0.396, "ndvi_2026-08-10": 0.333, "ndvi_change": 0.048, "loai": "Che phủ thưa / đất trống, công trình" }, "geometry": { "type": "Polygon", "coordinates": [ [ [ 105.852486881831382, 20.256363127952703 ], [ 105.85195877837161, 20.256454972225605 ], [ 105.851964293812443, 20.25646532087265 ], [ 105.851936716608265, 20.256473082357498 ], [ 105.851801588307865, 20.25648860532602 ], [ 105.851761601361815, 20.256500247551401 ], [ 105.851768495662867, 20.256522238419162 ], [ 105.851743676179112, 20.256517064097626 ], [ 105.851731266437241, 20.256531293481459 ], [ 105.851764359082239, 20.256598559641951 ], [ 105.851742297318907, 20.256616669757104 ], [ 105.851761601361815, 20.256704633143524 ], [ 105.85178917856598, 20.256702045985818 ], [ 105.851807103748698, 20.256643834925875 ], [ 105.851842954114105, 20.256685229459642 ], [ 105.851877425619321, 20.256676174406326 ], [ 105.85186777359786, 20.25665677071888 ], [ 105.852001523038055, 20.256810706572633 ], [ 105.852040131123886, 20.256836578129708 ], [ 105.851907760543895, 20.256686523038635 ], [ 105.851943610909316, 20.256694284512424 ], [ 105.851845711834528, 20.256568807305328 ], [ 105.852252475595961, 20.257012504603495 ], [ 105.85237105757389, 20.257172907979392 ], [ 105.852404150218874, 20.257162559379491 ], [ 105.852390361616813, 20.257180669428855 ], [ 105.852408286799502, 20.257223357394004 ], [ 105.852477229809921, 20.257215595946668 ], [ 105.852477229809921, 20.257187137303113 ], [ 105.85250618587429, 20.257196192326646 ], [ 105.852504807014085, 20.257166440104548 ], [ 105.852510322454918, 20.257192311602331 ], [ 105.852521353336584, 20.257163852954534 ], [ 105.852536520798878, 20.25717549512926 ], [ 105.852591675207208, 20.256978871616578 ], [ 105.852583402045951, 20.25686503683751 ], [ 105.852597190648041, 20.256846926751326 ], [ 105.852547551680544, 20.256833990974194 ], [ 105.852539278519288, 20.256808119416682 ], [ 105.85246757778846, 20.256751201974978 ], [ 105.852446894885333, 20.256703339564677 ], [ 105.852422075401591, 20.256716275352694 ], [ 105.852406907939297, 20.256702045985818 ], [ 105.852202836628464, 20.256456265806516 ], [ 105.852289704821587, 20.256436862091586 ], [ 105.852311766584918, 20.256462733710954 ], [ 105.852309008864509, 20.256431687767183 ], [ 105.852325555187022, 20.256447210739847 ], [ 105.852325555187022, 20.256431687767183 ], [ 105.852361405552415, 20.256442036415812 ], [ 105.852377951874928, 20.256426513442619 ], [ 105.852391740477003, 20.256439449253705 ], [ 105.852402771358669, 20.256410990467895 ], [ 105.852444137164923, 20.256527412740539 ], [ 105.85243862172409, 20.256400641817208 ], [ 105.85246757778846, 20.256404522561294 ], [ 105.852491018411996, 20.256491192487289 ], [ 105.852495154992624, 20.256471788776722 ], [ 105.852475850949716, 20.256394173910184 ], [ 105.852492397272215, 20.256394173910184 ], [ 105.852486881831382, 20.256363127952703 ] ] ] } },
{ "type": "Feature", "properties": { "lo_id": "L07", "seg": 128, "area_ha": 0.3299, "ndvi_2026-07-18": 0.84, "ndvi_2026-07-26": 0.801, "ndvi_2026-08-10": 0.81, "ndvi_change": -0.03, "loai": "Tán dày ổn định — cây lâu năm/vườn" }, "geometry": { "type": "Polygon", "coordinates": [ [ [ 105.852973619484899, 20.256599853221672 ], [ 105.85294466342053, 20.25660890827945 ], [ 105.852961209743043, 20.256671000089892 ], [ 105.852943284560311, 20.256690403775579 ], [ 105.852915707356146, 20.256651596401799 ], [ 105.852914328495942, 20.256676174406326 ], [ 105.85289226673261, 20.256678761564455 ], [ 105.85287709927033, 20.256605027540466 ], [ 105.852794367657822, 20.2566205504958 ], [ 105.852815050560949, 20.256629605552362 ], [ 105.852792988797617, 20.256632192711269 ], [ 105.85279850423845, 20.256681348722562 ], [ 105.852764032733234, 20.256672293669023 ], [ 105.852759896152619, 20.256689110196614 ], [ 105.852801261958859, 20.256730504718284 ], [ 105.852733697808659, 20.2567369726113 ], [ 105.852743349830121, 20.256784835011224 ], [ 105.852776442475118, 20.256779660698442 ], [ 105.852747486410735, 20.256775779963732 ], [ 105.852750244131158, 20.256762844180667 ], [ 105.852879856990739, 20.256755082710303 ], [ 105.852853658646779, 20.256764137759014 ], [ 105.852928117098031, 20.256779660698442 ], [ 105.852914328495942, 20.256823642351698 ], [ 105.85286606838865, 20.256845633173661 ], [ 105.853002575549269, 20.256844339595983 ], [ 105.852995681248231, 20.25686115610495 ], [ 105.852943284560311, 20.256858568949838 ], [ 105.852946042280749, 20.256871504724927 ], [ 105.852914328495942, 20.256880559766834 ], [ 105.852935011399069, 20.256887027653612 ], [ 105.852907434194904, 20.256887027653619 ], [ 105.852893645592815, 20.256915486352167 ], [ 105.852868826109074, 20.256918073506323 ], [ 105.852968104044066, 20.256936183584212 ], [ 105.853026016172834, 20.256918073506327 ], [ 105.853100474624057, 20.256931009276453 ], [ 105.853114263226146, 20.256912899197975 ], [ 105.853121157527184, 20.256955587236739 ], [ 105.853143219290516, 20.256950412929637 ], [ 105.853132188408864, 20.256971110157021 ], [ 105.853154250172182, 20.256973697310244 ], [ 105.853169417634476, 20.257013798179784 ], [ 105.853196994838655, 20.256987926652229 ], [ 105.853219056601972, 20.256990513805182 ], [ 105.85322595090301, 20.257015091756042 ], [ 105.853243876085727, 20.257024146789593 ], [ 105.853246633806151, 20.257011211027216 ], [ 105.853248012666342, 20.257033201822612 ], [ 105.853268695569469, 20.25703708255088 ], [ 105.853276968730739, 20.257008623874619 ], [ 105.853310061375723, 20.25702414678959 ], [ 105.853337638579887, 20.257006036721958 ], [ 105.853325228838017, 20.257046137583149 ], [ 105.853351427181963, 20.25704743115913 ], [ 105.853356942622796, 20.257070715525202 ], [ 105.853370731224885, 20.257062954070228 ], [ 105.853392792988217, 20.25708106413121 ], [ 105.85339830842905, 20.257062954070236 ], [ 105.853425885633214, 20.25706554122193 ], [ 105.853460357138417, 20.257090119160914 ], [ 105.85346311485884, 20.257128926425072 ], [ 105.853447947396546, 20.257122458548395 ], [ 105.853449326256751, 20.257152210778901 ], [ 105.853421749052586, 20.257162559379498 ], [ 105.853428643353638, 20.25718455015345 ], [ 105.853457599418007, 20.257185843728287 ], [ 105.853441053095509, 20.257191018027541 ], [ 105.853457599418007, 20.257198779476113 ], [ 105.853446568536341, 20.257214302372081 ], [ 105.853503101804876, 20.257259577476432 ], [ 105.853572044815294, 20.257264751773238 ], [ 105.853559635073424, 20.257325549747719 ], [ 105.853577560256142, 20.257308733289069 ], [ 105.853605137460292, 20.257334604763162 ], [ 105.85361203176133, 20.257304852567593 ], [ 105.853589969997998, 20.257286742532706 ], [ 105.853621683782791, 20.257290623254644 ], [ 105.853658913008417, 20.257266045347407 ], [ 105.853639608965494, 20.25713410072624 ], [ 105.85365063984716, 20.257115990671426 ], [ 105.853631335804252, 20.257046137583149 ], [ 105.853595485438831, 20.25700733029829 ], [ 105.853617547202163, 20.256968523003742 ], [ 105.853614789481753, 20.256877972612056 ], [ 105.85358169683677, 20.256815880884385 ], [ 105.853595485438831, 20.256800357948585 ], [ 105.853578939116332, 20.256774486385481 ], [ 105.853589969997998, 20.256743440504042 ], [ 105.853554119632591, 20.256668412931631 ], [ 105.853456220557817, 20.256661945035756 ], [ 105.853431401074047, 20.256677467985384 ], [ 105.853268695569469, 20.256685229459638 ], [ 105.853166659914052, 20.256721449667609 ], [ 105.853172175354885, 20.256711101037631 ], [ 105.853143219290516, 20.256704633143524 ], [ 105.853130809548645, 20.256646422084579 ], [ 105.852992923527808, 20.256680055143512 ], [ 105.852973619484899, 20.256599853221672 ] ] ] } },
{ "type": "Feature", "properties": { "lo_id": "L08", "seg": 148, "area_ha": 0.3186, "ndvi_2026-07-18": 0.295, "ndvi_2026-07-26": 0.367, "ndvi_2026-08-10": 0.607, "ndvi_change": 0.312, "loai": "Bật xanh mạnh — mới gieo/tái sinh" }, "geometry": { "type": "Polygon", "coordinates": [ [ [ 105.855339743602315, 20.255782308687021 ], [ 105.8546213574338, 20.255920722384051 ], [ 105.854640661476708, 20.255933658237293 ], [ 105.854648934637964, 20.256000924656714 ], [ 105.854676511842129, 20.256026796348742 ], [ 105.854679269562538, 20.256075952551711 ], [ 105.854723393089202, 20.256171677744398 ], [ 105.854717877648369, 20.256231182564147 ], [ 105.854767516615865, 20.256368302279384 ], [ 105.854875067712115, 20.256815880884385 ], [ 105.854917812378574, 20.256806825838694 ], [ 105.854931600980663, 20.256863743259995 ], [ 105.854946768442943, 20.256836578129711 ], [ 105.854932979840868, 20.256735679032719 ], [ 105.855008817152338, 20.256708513880014 ], [ 105.855021226894195, 20.256691697354555 ], [ 105.855004680571696, 20.256678761564455 ], [ 105.855025363474823, 20.256659357877339 ], [ 105.855295620075637, 20.256524825579877 ], [ 105.855291483495023, 20.256541642123427 ], [ 105.855306650957303, 20.256542935703632 ], [ 105.855302514376689, 20.256495073229111 ], [ 105.855290104634818, 20.256473082357495 ], [ 105.855281831473562, 20.256488605326023 ], [ 105.855268042871472, 20.256478256680509 ], [ 105.855217025043771, 20.256508009034484 ], [ 105.855215646183566, 20.256532587061745 ], [ 105.85517979581816, 20.256527412740539 ], [ 105.855168764936479, 20.256555871505022 ], [ 105.855171522656903, 20.256532587061745 ], [ 105.855108095087317, 20.256568807305328 ], [ 105.855072244721896, 20.256548110024319 ], [ 105.855017090313567, 20.256615376177535 ], [ 105.854912296937741, 20.256661945035759 ], [ 105.854884719733576, 20.256651596401806 ], [ 105.854762001175033, 20.256174264910943 ], [ 105.854734423970882, 20.256130283073716 ], [ 105.854757864594433, 20.256139338158874 ], [ 105.85480612470171, 20.256104411398951 ], [ 105.854796472680249, 20.256097943479574 ], [ 105.854824049884414, 20.256100530647359 ], [ 105.854868173411077, 20.256059135957706 ], [ 105.854970209066494, 20.256009979749422 ], [ 105.855017090313567, 20.256030677102164 ], [ 105.855069487001487, 20.25601256691866 ], [ 105.855077760162729, 20.256028089933238 ], [ 105.855086033323985, 20.256015154087866 ], [ 105.855088791044395, 20.256028089933235 ], [ 105.855127399130239, 20.256017741257018 ], [ 105.855134293431291, 20.256031970686632 ], [ 105.855106716227112, 20.25604749369926 ], [ 105.855148082033352, 20.256117347236863 ], [ 105.855137051151686, 20.256138044575319 ], [ 105.855174280377312, 20.256123815155423 ], [ 105.855194963280439, 20.25613545740816 ], [ 105.855168764936479, 20.256157448327595 ], [ 105.855196342140644, 20.25615227399388 ], [ 105.855210130742734, 20.256167796994493 ], [ 105.855265285151063, 20.25614968682698 ], [ 105.855280452613357, 20.256169090577796 ], [ 105.855234950226475, 20.256191081492474 ], [ 105.855208751882515, 20.256184613576718 ], [ 105.855217025043771, 20.256226008232904 ], [ 105.855194963280439, 20.256236356895222 ], [ 105.855197721000849, 20.256277751537617 ], [ 105.855210130742734, 20.256289393778804 ], [ 105.855237707946898, 20.256268696460534 ], [ 105.855245981108141, 20.256299742436916 ], [ 105.855281831473562, 20.25627387079037 ], [ 105.855378351688145, 20.256268696460534 ], [ 105.855388003709592, 20.256231182564154 ], [ 105.855371457387093, 20.2562260082329 ], [ 105.855393519150425, 20.256197549407961 ], [ 105.855354911064609, 20.256194962241796 ], [ 105.85536594194626, 20.256150980410435 ], [ 105.855325955000225, 20.256160035494389 ], [ 105.855324576140021, 20.256132870240958 ], [ 105.855411444333143, 20.256100530647355 ], [ 105.855433506096475, 20.256113466485601 ], [ 105.855439021537322, 20.256090181975981 ], [ 105.855487281644599, 20.25606819104701 ], [ 105.855483145063971, 20.256048787283571 ], [ 105.855498312526265, 20.25605784237348 ], [ 105.855501070246675, 20.256026796348738 ], [ 105.855339743602315, 20.255782308687021 ] ] ] } },
{ "type": "Feature", "properties": { "lo_id": "L09", "seg": 158, "area_ha": 0.3178, "ndvi_2026-07-18": 0.215, "ndvi_2026-07-26": 0.355, "ndvi_2026-08-10": 0.706, "ndvi_change": 0.491, "loai": "Bật xanh mạnh — mới gieo/tái sinh" }, "geometry": { "type": "Polygon", "coordinates": [ [ [ 105.855499691386484, 20.256030677102164 ], [ 105.855498312526265, 20.25605784237348 ], [ 105.855483145063971, 20.256048787283571 ], [ 105.855487281644599, 20.25606819104701 ], [ 105.855439021537322, 20.256090181975981 ], [ 105.855433506096475, 20.256113466485601 ], [ 105.855411444333143, 20.256100530647355 ], [ 105.855324576140021, 20.256132870240958 ], [ 105.855325955000225, 20.256160035494389 ], [ 105.85536594194626, 20.256150980410435 ], [ 105.855354911064609, 20.256194962241796 ], [ 105.855393519150425, 20.256197549407961 ], [ 105.855371457387093, 20.2562260082329 ], [ 105.855388003709592, 20.256231182564154 ], [ 105.85537973054835, 20.256267402878059 ], [ 105.855281831473562, 20.25627387079037 ], [ 105.855245981108141, 20.256299742436916 ], [ 105.855232192506065, 20.25627387079037 ], [ 105.855210130742734, 20.256289393778804 ], [ 105.855197721000849, 20.256277751537617 ], [ 105.855192205560016, 20.256244118391528 ], [ 105.855217025043771, 20.256226008232904 ], [ 105.855208751882515, 20.256184613576718 ], [ 105.855268042871472, 20.25618073282714 ], [ 105.855265285151063, 20.25614968682698 ], [ 105.855199099861082, 20.25616779699449 ], [ 105.855196342140644, 20.25615227399388 ], [ 105.855167386076275, 20.256156154744193 ], [ 105.855190826699811, 20.25612898949008 ], [ 105.85513843001192, 20.256139338158874 ], [ 105.855148082033352, 20.256117347236863 ], [ 105.855130156850649, 20.256105704982783 ], [ 105.855036394356489, 20.256160035494386 ], [ 105.854970209066494, 20.256149686826976 ], [ 105.854952283883776, 20.256132870240958 ], [ 105.85496745134607, 20.256116053653127 ], [ 105.854895750615242, 20.256123815155426 ], [ 105.854892992894818, 20.256105704982787 ], [ 105.854862657970244, 20.256092769143891 ], [ 105.854796472680249, 20.256097943479574 ], [ 105.85480612470171, 20.256104411398951 ], [ 105.854757864594433, 20.256139338158874 ], [ 105.854734423970882, 20.256130283073716 ], [ 105.854762001175033, 20.256174264910943 ], [ 105.854884719733576, 20.256651596401806 ], [ 105.854912296937741, 20.256661945035759 ], [ 105.855017090313567, 20.256615376177535 ], [ 105.855072244721896, 20.256548110024319 ], [ 105.855108095087317, 20.256568807305328 ], [ 105.85517979581816, 20.256527412740539 ], [ 105.855215646183566, 20.256532587061745 ], [ 105.855221161624399, 20.256504128292992 ], [ 105.855268042871472, 20.256478256680509 ], [ 105.85528596805419, 20.256484724584048 ], [ 105.855269421731691, 20.25642780702378 ], [ 105.855287346914395, 20.256408403305294 ], [ 105.855615515643962, 20.256294568107947 ], [ 105.855629304246065, 20.256317852586921 ], [ 105.855665154611458, 20.256307503930021 ], [ 105.855694110675856, 20.256342430644278 ], [ 105.85567204891251, 20.256272577207934 ], [ 105.855651366009383, 20.256260934965482 ], [ 105.85565826031042, 20.256282925867158 ], [ 105.855644471708331, 20.256275164372802 ], [ 105.855616894504166, 20.256205310906179 ], [ 105.855499691386484, 20.256030677102164 ] ] ] } },
{ "type": "Feature", "properties": { "lo_id": "L10", "seg": 155, "area_ha": 0.2553, "ndvi_2026-07-18": 0.4, "ndvi_2026-07-26": 0.445, "ndvi_2026-08-10": 0.503, "ndvi_change": 0.103, "loai": "Che phủ thưa / đất trống, công trình" }, "geometry": { "type": "Polygon", "coordinates": [ [ [ 105.853533436729464, 20.256108292150433 ], [ 105.8534893132028, 20.256113466485605 ], [ 105.853494828643633, 20.256131576657342 ], [ 105.853390035267793, 20.256139338158874 ], [ 105.853395550708626, 20.25615227399388 ], [ 105.853354184902386, 20.256167796994493 ], [ 105.853107368925095, 20.256200136574087 ], [ 105.853140461570106, 20.25658821100378 ], [ 105.853157007892605, 20.256611495438712 ], [ 105.853157007892605, 20.256678761564459 ], [ 105.853140461570106, 20.256681348722559 ], [ 105.853155629032386, 20.256716275352694 ], [ 105.853456220557817, 20.256661945035756 ], [ 105.853549983051963, 20.256664532194137 ], [ 105.853554119632591, 20.256689110196611 ], [ 105.853567908234666, 20.256694284512427 ], [ 105.853540331030501, 20.256639954187783 ], [ 105.85358169683677, 20.256595972482472 ], [ 105.853565150514257, 20.256580449524684 ], [ 105.853533436729464, 20.256108292150433 ] ] ] } },
{ "type": "Feature", "properties": { "lo_id": "L11", "seg": 32, "area_ha": 0.2485, "ndvi_2026-07-18": 0.924, "ndvi_2026-07-26": 0.867, "ndvi_2026-08-10": 0.869, "ndvi_change": -0.055, "loai": "Tán dày ổn định — cây lâu năm/vườn" }, "geometry": { "type": "Polygon", "coordinates": [ [ [ 105.853527921288631, 20.25814955398987 ], [ 105.853522405847798, 20.258185773856201 ], [ 105.853497586364057, 20.258165076790757 ], [ 105.8534893132028, 20.258180599590101 ], [ 105.8534893132028, 20.258157315390502 ], [ 105.853447947396546, 20.258178012456977 ], [ 105.853428643353638, 20.258149553989874 ], [ 105.853385898687179, 20.258174131757244 ], [ 105.853399687289254, 20.258184480289696 ], [ 105.853387277547398, 20.258198709520702 ], [ 105.853365215784052, 20.258203883786202 ], [ 105.853356942622796, 20.258188360989205 ], [ 105.853321092257389, 20.258253039299838 ], [ 105.853297651633838, 20.258243984337977 ], [ 105.853305924795094, 20.258275029919321 ], [ 105.85333074427885, 20.258285378445049 ], [ 105.853297651633838, 20.258290552707667 ], [ 105.853285241891967, 20.258359111670959 ], [ 105.853257664687803, 20.258320304714328 ], [ 105.853248012666342, 20.258326772541103 ], [ 105.853250770386765, 20.258259507129416 ], [ 105.853214920021344, 20.258243984337973 ], [ 105.853213541161139, 20.258224580846463 ], [ 105.85315838675281, 20.258219406581663 ], [ 105.85315838675281, 20.258237516507744 ], [ 105.853125294107812, 20.258227167978816 ], [ 105.853123915247608, 20.258197415954307 ], [ 105.853094959183224, 20.258180599590109 ], [ 105.853086686021996, 20.258206470918896 ], [ 105.853067381979059, 20.258157315390509 ], [ 105.853032910473857, 20.258187067422707 ], [ 105.853035668194266, 20.258365579496125 ], [ 105.853049456796356, 20.25837592801583 ], [ 105.853048077936151, 20.258390157229289 ], [ 105.853030152753433, 20.258383689405154 ], [ 105.85303842591469, 20.258487174559058 ], [ 105.853056351097393, 20.258449661198735 ], [ 105.853081170581149, 20.258447074070109 ], [ 105.853086686021996, 20.258493642378873 ], [ 105.85310599006489, 20.258454835455854 ], [ 105.853128051828222, 20.258483293867009 ], [ 105.853162523333438, 20.258489761687009 ], [ 105.853163902193643, 20.258511752272955 ], [ 105.853235602924471, 20.258498816634532 ], [ 105.853245254945932, 20.258536329982977 ], [ 105.853283863031763, 20.258551852745189 ], [ 105.853272832150097, 20.25857772401211 ], [ 105.853286620752172, 20.258582898264972 ], [ 105.853282484171558, 20.258594540333291 ], [ 105.853246633806151, 20.258584191828156 ], [ 105.853238360644895, 20.258599714585596 ], [ 105.853236981784676, 20.258567375505859 ], [ 105.853191479397807, 20.258550559181735 ], [ 105.853185963956975, 20.258584191828156 ], [ 105.853112884365942, 20.258595833896379 ], [ 105.853126672968017, 20.2586191180302 ], [ 105.853111505505723, 20.258669566974838 ], [ 105.853074276280097, 20.258642402160525 ], [ 105.853070139699483, 20.258700612471067 ], [ 105.853100474624057, 20.258682502599015 ], [ 105.85310599006489, 20.258708373844161 ], [ 105.85314459815072, 20.258718722341005 ], [ 105.85314459815072, 20.258677328349467 ], [ 105.853176311935513, 20.25869414465987 ], [ 105.853183206236551, 20.258721309465109 ], [ 105.85319975255905, 20.258672154099763 ], [ 105.853220435462177, 20.258691557535311 ], [ 105.853203889139678, 20.258730364399138 ], [ 105.853235602924471, 20.258736832208839 ], [ 105.853238360644895, 20.258716135216861 ], [ 105.853263180128636, 20.258718722341008 ], [ 105.853428643353638, 20.258589366080813 ], [ 105.853503101804876, 20.258501403762303 ], [ 105.853628578083828, 20.258401799312068 ], [ 105.853645124406327, 20.258370753756076 ], [ 105.853623062642995, 20.258231048677239 ], [ 105.853631335804252, 20.258179306023553 ], [ 105.85361203176133, 20.258181893156642 ], [ 105.853610652901125, 20.258159902523964 ], [ 105.85358583341737, 20.258180599590105 ], [ 105.853555498492796, 20.258172838190635 ], [ 105.853527921288631, 20.25814955398987 ] ] ] } },
{ "type": "Feature", "properties": { "lo_id": "L12", "seg": 138, "area_ha": 0.1825, "ndvi_2026-07-18": 0.627, "ndvi_2026-07-26": 0.621, "ndvi_2026-08-10": 0.692, "ndvi_change": 0.065, "loai": "Sinh trưởng đều" }, "geometry": { "type": "Polygon", "coordinates": [ [ [ 105.855441779257717, 20.255761611301153 ], [ 105.855361805365646, 20.255756436954243 ], [ 105.855346637903352, 20.255801712483748 ], [ 105.855371457387093, 20.255817235519398 ], [ 105.855586559579592, 20.256156154744193 ], [ 105.855644471708331, 20.256275164372802 ], [ 105.85565826031042, 20.256282925867158 ], [ 105.855651366009383, 20.256260934965482 ], [ 105.85567204891251, 20.256272577207934 ], [ 105.855727203320839, 20.25641228404918 ], [ 105.856105011017917, 20.257020266060984 ], [ 105.856142240243528, 20.257065541221934 ], [ 105.856162923146655, 20.257056486190805 ], [ 105.856150513404785, 20.257083651282624 ], [ 105.856109147598531, 20.257060366918491 ], [ 105.856053993190201, 20.257106935643254 ], [ 105.856012627383947, 20.257104348492241 ], [ 105.855939547792914, 20.257147036478354 ], [ 105.856007111943114, 20.25716385295453 ], [ 105.856252549060187, 20.25706554122193 ], [ 105.856270474242891, 20.257035788974797 ], [ 105.856071918372905, 20.25680294510466 ], [ 105.855931274631658, 20.256601146801401 ], [ 105.855776842288336, 20.256282925867158 ], [ 105.855514858848764, 20.255848281586037 ], [ 105.855441779257717, 20.255761611301153 ] ] ] } },
{ "type": "Feature", "properties": { "lo_id": "L13", "seg": 161, "area_ha": 0.1762, "ndvi_2026-07-18": 0.489, "ndvi_2026-07-26": 0.49, "ndvi_2026-08-10": 0.578, "ndvi_change": 0.089, "loai": "Sinh trưởng đều" }, "geometry": { "type": "Polygon", "coordinates": [ [ [ 105.853803693330278, 20.256066897462851 ], [ 105.853743023481115, 20.256074658967616 ], [ 105.853720961717784, 20.256105704982783 ], [ 105.853668565029878, 20.256105704982783 ], [ 105.853678217051325, 20.256119934404332 ], [ 105.853654776427788, 20.25612898949008 ], [ 105.853602379739868, 20.256121227988039 ], [ 105.853616168341958, 20.256103117815094 ], [ 105.853534815589668, 20.256112172901826 ], [ 105.853565150514257, 20.256580449524684 ], [ 105.85358169683677, 20.256595972482472 ], [ 105.853569287094871, 20.256615376177535 ], [ 105.853592727718421, 20.256606321120145 ], [ 105.853601000879664, 20.256580449524684 ], [ 105.853587212277588, 20.256575275205087 ], [ 105.85361203176133, 20.256562339405306 ], [ 105.853610652901125, 20.256540348543226 ], [ 105.853627199223638, 20.256558458665172 ], [ 105.853635472384866, 20.256540348543229 ], [ 105.853675459330915, 20.256551990764716 ], [ 105.853675459330915, 20.256500247551401 ], [ 105.853700278814657, 20.256497660390288 ], [ 105.853715446276951, 20.256452385063728 ], [ 105.85372923487904, 20.256473082357495 ], [ 105.853748538921948, 20.256431687767183 ], [ 105.853756812083205, 20.256449797901812 ], [ 105.853803693330278, 20.256452385063724 ], [ 105.8538229973732, 20.256421339117885 ], [ 105.853883667222362, 20.256408403305294 ], [ 105.853915381007155, 20.256414871211732 ], [ 105.853907107845899, 20.256440742834762 ], [ 105.853937442770487, 20.256451091482777 ], [ 105.853936063910282, 20.256488605326023 ], [ 105.853949852512358, 20.25647566951903 ], [ 105.853965019974652, 20.256484724584048 ], [ 105.853942958211334, 20.256505421873502 ], [ 105.853965019974652, 20.256505421873499 ], [ 105.853971914275689, 20.256535174222275 ], [ 105.854002249200278, 20.256532587061745 ], [ 105.854028447544238, 20.25654681644416 ], [ 105.854032584124852, 20.256571394465269 ], [ 105.854072571070915, 20.25657527520508 ], [ 105.854022932103405, 20.256417458374212 ], [ 105.854013280081944, 20.256408403305294 ], [ 105.854006385780906, 20.256427807023783 ], [ 105.853967777695075, 20.256363127952703 ], [ 105.853992597178831, 20.25637347660588 ], [ 105.853956746813409, 20.25631914616898 ], [ 105.853956746813409, 20.256293274525678 ], [ 105.853974671996113, 20.256320439751036 ], [ 105.853976050856318, 20.256298448854679 ], [ 105.853905728985694, 20.256216953152808 ], [ 105.853878151781544, 20.256237650477964 ], [ 105.853860226598826, 20.25623118256415 ], [ 105.853865742039659, 20.256182026410343 ], [ 105.853791283588407, 20.256127695906432 ], [ 105.853794041308831, 20.256091475559934 ], [ 105.853813345351739, 20.256088888391997 ], [ 105.853803693330278, 20.256066897462851 ] ] ] } },
{ "type": "Feature", "properties": { "lo_id": "L14", "seg": 60, "area_ha": 0.1625, "ndvi_2026-07-18": 0.768, "ndvi_2026-07-26": 0.73, "ndvi_2026-08-10": 0.756, "ndvi_change": -0.012, "loai": "Tán dày ổn định — cây lâu năm/vườn" }, "geometry": { "type": "Polygon", "coordinates": [ [ [ 105.853792662448612, 20.257901188964482 ], [ 105.853720961717784, 20.257924473202493 ], [ 105.853707173115723, 20.257960693121348 ], [ 105.853660291868621, 20.257971041668029 ], [ 105.853620304922586, 20.258052536449114 ], [ 105.853643745546123, 20.258359111670959 ], [ 105.853704415395285, 20.258322891845065 ], [ 105.853765085244447, 20.258320304714317 ], [ 105.853817481932381, 20.258271149221986 ], [ 105.85413048319964, 20.258104279145062 ], [ 105.854124967758807, 20.258073233529565 ], [ 105.854107042576103, 20.258071939962115 ], [ 105.854075328791311, 20.258026665094675 ], [ 105.854097390554642, 20.258013729415847 ], [ 105.8540891173934, 20.25798527091861 ], [ 105.854056024748402, 20.257967160963101 ], [ 105.854072571070915, 20.257949051005493 ], [ 105.854058782468812, 20.257936115320188 ], [ 105.854079465371939, 20.257945170300015 ], [ 105.854082223092362, 20.257919298927675 ], [ 105.854038099565699, 20.2579141246527 ], [ 105.854013280081944, 20.257958105984564 ], [ 105.853991218318612, 20.25793999602589 ], [ 105.853955367953191, 20.257983977350438 ], [ 105.853930548469449, 20.257989151623082 ], [ 105.853925033028617, 20.25796586739477 ], [ 105.853838164835494, 20.257936115320188 ], [ 105.853869878620287, 20.257914124652697 ], [ 105.853806451050701, 20.257919298927675 ], [ 105.853792662448612, 20.257901188964482 ] ] ] } },
{ "type": "Feature", "properties": { "lo_id": "L15", "seg": 57, "area_ha": 0.1582, "ndvi_2026-07-18": 0.838, "ndvi_2026-07-26": 0.781, "ndvi_2026-08-10": 0.787, "ndvi_change": -0.051, "loai": "Tán dày ổn định — cây lâu năm/vườn" }, "geometry": { "type": "Polygon", "coordinates": [ [ [ 105.852615115830744, 20.257704566370911 ], [ 105.852598569508245, 20.257725263497754 ], [ 105.85257375002449, 20.257720089216289 ], [ 105.852522732196789, 20.257749841332288 ], [ 105.852566855723452, 20.257780887012448 ], [ 105.852542036239711, 20.257786061291892 ], [ 105.852537899659083, 20.257813226256037 ], [ 105.85251997447638, 20.25779123557113 ], [ 105.852518595616161, 20.257844271923528 ], [ 105.852504807014085, 20.257849446200847 ], [ 105.85247998753033, 20.25782098767349 ], [ 105.852463441207831, 20.257870143308359 ], [ 105.852442758304704, 20.257840391215435 ], [ 105.852444137164923, 20.257800290559409 ], [ 105.852416559960758, 20.257802877698815 ], [ 105.852408286799502, 20.25782098767349 ], [ 105.852394498197427, 20.257802877698818 ], [ 105.852375194154504, 20.25782098767349 ], [ 105.852358647832006, 20.257810639116794 ], [ 105.852379330735133, 20.257853326908709 ], [ 105.852340722649316, 20.257925766771162 ], [ 105.852320039746175, 20.257916711790216 ], [ 105.852278673939921, 20.257950344573967 ], [ 105.852246960155128, 20.257933528182992 ], [ 105.852296599122639, 20.257969748099743 ], [ 105.852288325961382, 20.257987858054939 ], [ 105.852337964928878, 20.258034426501471 ], [ 105.852365542133043, 20.258106866279416 ], [ 105.852420696541373, 20.258145673289395 ], [ 105.852431727423053, 20.258238810073802 ], [ 105.852444137164923, 20.25823234224336 ], [ 105.852486881831382, 20.258272442787774 ], [ 105.852495154992624, 20.25830607549446 ], [ 105.852521353336584, 20.258335827498147 ], [ 105.852515837895766, 20.258322891845072 ], [ 105.852551688261158, 20.258343588889481 ], [ 105.852559961422415, 20.258320304714317 ], [ 105.852577886605118, 20.258326772541103 ], [ 105.852577886605118, 20.25830607549447 ], [ 105.852555824841787, 20.258300901232374 ], [ 105.852580644325556, 20.258303488363442 ], [ 105.852582023185747, 20.25827114922199 ], [ 105.852583402045951, 20.258295726970111 ], [ 105.852623388992001, 20.258309956190917 ], [ 105.852622010131796, 20.258275029919321 ], [ 105.852650966196165, 20.258240103639874 ], [ 105.852690953142215, 20.258256919997621 ], [ 105.852692332002405, 20.25816507679076 ], [ 105.852725424647403, 20.258190948122131 ], [ 105.852737834389288, 20.258176718890407 ], [ 105.85271990920657, 20.25811592124926 ], [ 105.852673027959497, 20.258131444053529 ], [ 105.852661997077831, 20.258108159846572 ], [ 105.852656481636998, 20.258131444053529 ], [ 105.852630283293038, 20.258112040547964 ], [ 105.85261373697054, 20.258018903687503 ], [ 105.852588917486784, 20.25799303232747 ], [ 105.852604084949078, 20.257963280258068 ], [ 105.852624767852205, 20.25798009664582 ], [ 105.85259994836845, 20.257936115320184 ], [ 105.852610979250116, 20.257907656808719 ], [ 105.852580644325556, 20.257886959706209 ], [ 105.852591675207208, 20.257845565492872 ], [ 105.852638556454281, 20.257835216937828 ], [ 105.852627525572615, 20.257780887012448 ], [ 105.852642693034909, 20.25776665774314 ], [ 105.852674406819702, 20.257775712732855 ], [ 105.852673027959497, 20.257758896322979 ], [ 105.852627525572615, 20.257744667051643 ], [ 105.852646829615537, 20.257726557068082 ], [ 105.852615115830744, 20.257704566370911 ] ] ] } },
{ "type": "Feature", "properties": { "lo_id": "L16", "seg": 165, "area_ha": 0.1369, "ndvi_2026-07-18": 0.518, "ndvi_2026-07-26": 0.57, "ndvi_2026-08-10": 0.691, "ndvi_change": 0.173, "loai": "Sinh trưởng đều" }, "geometry": { "type": "Polygon", "coordinates": [ [ [ 105.853337638579887, 20.256077246135796 ], [ 105.852526868777417, 20.256273870790373 ], [ 105.852096664392434, 20.256361834370992 ], [ 105.852011175059516, 20.256364421534389 ], [ 105.85156028777142, 20.256549403604467 ], [ 105.851605790158288, 20.25655069718459 ], [ 105.851801588307865, 20.25648860532602 ], [ 105.851936716608265, 20.256473082357498 ], [ 105.851964293812443, 20.25646532087265 ], [ 105.85195877837161, 20.256454972225605 ], [ 105.852491018411996, 20.25635148571704 ], [ 105.853003954409473, 20.25622471465007 ], [ 105.853034289334062, 20.256245411974195 ], [ 105.853039804774895, 20.256216953152808 ], [ 105.853150113591553, 20.256188494326199 ], [ 105.853354184902386, 20.256167796994493 ], [ 105.853395550708626, 20.25615227399388 ], [ 105.853390035267793, 20.256139338158874 ], [ 105.853496207503838, 20.256130283073716 ], [ 105.853445189676137, 20.256121227988046 ], [ 105.853434158794471, 20.256100530647352 ], [ 105.853337638579887, 20.256097943479574 ], [ 105.853337638579887, 20.256077246135796 ] ] ] } },
{ "type": "Feature", "properties": { "lo_id": "L17", "seg": 142, "area_ha": 0.1335, "ndvi_2026-07-18": 0.206, "ndvi_2026-07-26": null, "ndvi_2026-08-10": 0.286, "ndvi_change": 0.08, "loai": "Che phủ thưa / đất trống, công trình" }, "geometry": { "type": "Polygon", "coordinates": [ [ [ 105.851805724888479, 20.256645128505223 ], [ 105.851776768824109, 20.256711101037631 ], [ 105.851757464781201, 20.256695578091342 ], [ 105.851677490889116, 20.256695578091342 ], [ 105.851683006329949, 20.256747321239548 ], [ 105.85166921772786, 20.256734385454113 ], [ 105.851647155964528, 20.256762844180667 ], [ 105.851598895857236, 20.256751201974982 ], [ 105.851623715340992, 20.256839165285179 ], [ 105.851590622695994, 20.256898669849097 ], [ 105.851619578760364, 20.256884440498936 ], [ 105.851622336480787, 20.25691548635217 ], [ 105.851640261663505, 20.256885734076278 ], [ 105.851663702287027, 20.256874091879801 ], [ 105.851688521770782, 20.256907724889444 ], [ 105.851713341254523, 20.256907724889448 ], [ 105.851714720114742, 20.256945238622354 ], [ 105.851753328200573, 20.256971110157021 ], [ 105.851742297318907, 20.256996981687365 ], [ 105.851776768824109, 20.25702932109424 ], [ 105.851782284264942, 20.25695429365998 ], [ 105.851805724888479, 20.25698145876968 ], [ 105.851791936286403, 20.256996981687362 ], [ 105.851808482608902, 20.257009917450922 ], [ 105.85178917856598, 20.257025440365773 ], [ 105.851815376909954, 20.257057779766715 ], [ 105.851837438673272, 20.25703708255088 ], [ 105.851848469554938, 20.257060366918495 ], [ 105.851859500436603, 20.257044844007144 ], [ 105.851876046759116, 20.257060366918498 ], [ 105.851881562199935, 20.257037082550877 ], [ 105.851911897124523, 20.25702932109424 ], [ 105.8521076952741, 20.257037082550877 ], [ 105.852115968435356, 20.257006036721965 ], [ 105.85216009196202, 20.257042256855105 ], [ 105.851877425619321, 20.256720156088893 ], [ 105.851865015877436, 20.256690403775586 ], [ 105.852077360349512, 20.256920660660434 ], [ 105.851880183339745, 20.256681348722555 ], [ 105.851842954114105, 20.256685229459642 ], [ 105.851805724888479, 20.256645128505223 ] ] ] } },
{ "type": "Feature", "properties": { "lo_id": "L18", "seg": 97, "area_ha": 0.1287, "ndvi_2026-07-18": 0.273, "ndvi_2026-07-26": 0.324, "ndvi_2026-08-10": 0.358, "ndvi_change": 0.085, "loai": "Che phủ thưa / đất trống, công trình" }, "geometry": { "type": "Polygon", "coordinates": [ [ [ 105.852747486410735, 20.257244054585001 ], [ 105.852768169313862, 20.257379879832431 ], [ 105.852743349830121, 20.257385054125223 ], [ 105.8527709270343, 20.257395402710287 ], [ 105.852784715636361, 20.257475604221128 ], [ 105.852765411593452, 20.25749112708942 ], [ 105.852792988797617, 20.257498888522978 ], [ 105.852795746518026, 20.257532521397241 ], [ 105.852383467315761, 20.25753640211304 ], [ 105.852380709595337, 20.257549337831648 ], [ 105.852424833122001, 20.257549337831655 ], [ 105.852428969702629, 20.257563567120886 ], [ 105.852369678713671, 20.2575674478359 ], [ 105.852357268971801, 20.257550631403454 ], [ 105.852351753530968, 20.257630832834124 ], [ 105.852315903165547, 20.257677401387742 ], [ 105.852337964928878, 20.257682575670621 ], [ 105.852300735703253, 20.257730437779031 ], [ 105.852328312907417, 20.25770715351192 ], [ 105.852358647832006, 20.257709740652878 ], [ 105.852372436434095, 20.257683869241319 ], [ 105.852444137164923, 20.257689043523968 ], [ 105.852502049293662, 20.257704566370911 ], [ 105.852497912713048, 20.257765364173164 ], [ 105.85253514193866, 20.257769244883121 ], [ 105.852524111056994, 20.257748547762144 ], [ 105.852617873551168, 20.257704566370911 ], [ 105.852661997077831, 20.257740786341067 ], [ 105.852673027959497, 20.257727850638418 ], [ 105.852703362884071, 20.257735612060127 ], [ 105.852713014905532, 20.257778299872669 ], [ 105.85277230589449, 20.257797703419964 ], [ 105.852808156259911, 20.257839097646045 ], [ 105.852826081442615, 20.25782228124303 ], [ 105.852848143205946, 20.257793822710696 ], [ 105.852828839163024, 20.257734318489877 ], [ 105.852853658646779, 20.257711034223348 ], [ 105.85283987004469, 20.257581677123461 ], [ 105.852859174087612, 20.257573915694056 ], [ 105.85283987004469, 20.257560979977491 ], [ 105.852817808281358, 20.257473017076283 ], [ 105.852792988797617, 20.257263458199063 ], [ 105.852786094496565, 20.257295797550409 ], [ 105.852747486410735, 20.257244054585001 ] ] ] } },
{ "type": "Feature", "properties": { "lo_id": "L19", "seg": 121, "area_ha": 0.1157, "ndvi_2026-07-18": 0.36, "ndvi_2026-07-26": 0.333, "ndvi_2026-08-10": 0.381, "ndvi_change": 0.021, "loai": "Che phủ thưa / đất trống, công trình" }, "geometry": { "type": "Polygon", "coordinates": [ [ [ 105.852184911445761, 20.257018972484772 ], [ 105.852362784412634, 20.257203953774937 ], [ 105.852376573014709, 20.257237586713103 ], [ 105.8523738152943, 20.257260871050658 ], [ 105.852285568240973, 20.257317788305489 ], [ 105.852274537359307, 20.257366944099694 ], [ 105.852251096735756, 20.257370824819628 ], [ 105.852209730929516, 20.257419980597049 ], [ 105.852286947101177, 20.25743550347088 ], [ 105.852388982756594, 20.257383760552038 ], [ 105.852351753530968, 20.257418687024156 ], [ 105.852376573014709, 20.257416099878345 ], [ 105.852397255917836, 20.257476897793559 ], [ 105.852781957915951, 20.257480778510736 ], [ 105.8527709270343, 20.257395402710287 ], [ 105.852743349830121, 20.257385054125223 ], [ 105.852768169313862, 20.257379879832431 ], [ 105.852750244131158, 20.257267338921565 ], [ 105.852463441207831, 20.257288036106697 ], [ 105.852451031465975, 20.257271219643986 ], [ 105.852473093229293, 20.257281568236632 ], [ 105.852464820068036, 20.257250522456616 ], [ 105.852437242863871, 20.257247935307998 ], [ 105.852470335508869, 20.257234999564268 ], [ 105.852457925766998, 20.257218183095823 ], [ 105.852442758304704, 20.257227238117515 ], [ 105.852459304627203, 20.257211715222859 ], [ 105.852408286799502, 20.257223357394004 ], [ 105.852394498197427, 20.257169027254513 ], [ 105.852358647832006, 20.257194898751877 ], [ 105.852184911445761, 20.257018972484772 ] ] ] } },
{ "type": "Feature", "properties": { "lo_id": "L20", "seg": 21, "area_ha": 0.106, "ndvi_2026-07-18": 0.726, "ndvi_2026-07-26": 0.685, "ndvi_2026-08-10": 0.718, "ndvi_change": -0.008, "loai": "Sinh trưởng đều" }, "geometry": { "type": "Polygon", "coordinates": [ [ [ 105.854044993866736, 20.25815084755666 ], [ 105.853817481932381, 20.258271149221986 ], [ 105.853765085244447, 20.258320304714317 ], [ 105.853704415395285, 20.258322891845065 ], [ 105.85364650326656, 20.258359111670963 ], [ 105.853628578083828, 20.258401799312068 ], [ 105.853503101804876, 20.258501403762303 ], [ 105.853428643353638, 20.258589366080813 ], [ 105.853263180128636, 20.258718722341008 ], [ 105.853238360644895, 20.258716135216861 ], [ 105.853239739505099, 20.258732951523058 ], [ 105.853161144473219, 20.258801510290958 ], [ 105.853141840430311, 20.258783400430687 ], [ 105.853145977010939, 20.2588079780977 ], [ 105.85291846507657, 20.258995544375669 ], [ 105.852903297614276, 20.259012360651585 ], [ 105.852919843936775, 20.259020122009094 ], [ 105.852906055334699, 20.25902270912816 ], [ 105.852923980517403, 20.259026589806709 ], [ 105.853053593376984, 20.258912756529188 ], [ 105.853467251439469, 20.258651457099159 ], [ 105.853809208771111, 20.258369460191094 ], [ 105.853831270534442, 20.258395331488408 ], [ 105.853829891674238, 20.258357818105903 ], [ 105.853867120899864, 20.258322891845072 ], [ 105.854068434490273, 20.258219406581667 ], [ 105.854075328791311, 20.258192241688594 ], [ 105.854044993866736, 20.25815084755666 ] ] ] } },
{ "type": "Feature", "properties": { "lo_id": "L21", "seg": 186, "area_ha": 0.1044, "ndvi_2026-07-18": 0.463, "ndvi_2026-07-26": 0.492, "ndvi_2026-08-10": 0.601, "ndvi_change": 0.138, "loai": "Sinh trưởng đều" }, "geometry": { "type": "Polygon", "coordinates": [ [ [ 105.854622736294004, 20.255841813656005 ], [ 105.853993976039021, 20.255955649185299 ], [ 105.853587212277588, 20.25601386050327 ], [ 105.853596864299035, 20.256028089933238 ], [ 105.85363823010529, 20.256028089933235 ], [ 105.85364650326656, 20.256053961620729 ], [ 105.853715446276951, 20.256046200114934 ], [ 105.853734750319873, 20.256072071799405 ], [ 105.853792662448612, 20.256069484631158 ], [ 105.854214593672353, 20.256015154087866 ], [ 105.854305598446103, 20.255978933715113 ], [ 105.854722014228997, 20.255906492944259 ], [ 105.854797851540454, 20.255871566131948 ], [ 105.854749591433162, 20.255865098202879 ], [ 105.854699952465666, 20.255880621232194 ], [ 105.854716498788164, 20.255854749515809 ], [ 105.854622736294004, 20.255841813656005 ] ] ] } },
{ "type": "Feature", "properties": { "lo_id": "L22", "seg": 28, "area_ha": 0.0952, "ndvi_2026-07-18": 0.447, "ndvi_2026-07-26": 0.456, "ndvi_2026-08-10": 0.474, "ndvi_change": 0.027, "loai": "Che phủ thưa / đất trống, công trình" }, "geometry": { "type": "Polygon", "coordinates": [ [ [ 105.852106316413895, 20.257747254192001 ], [ 105.852092527811806, 20.257760189893027 ], [ 105.852092527811806, 20.257798996989688 ], [ 105.852191805746799, 20.257910243946348 ], [ 105.852194563467222, 20.257938702457331 ], [ 105.852087012370973, 20.257844415517521 ], [ 105.852186290305966, 20.257954225279313 ], [ 105.852674406819702, 20.258730364399142 ], [ 105.852744728690325, 20.258804097413691 ], [ 105.852748865270954, 20.258696731784383 ], [ 105.852733697808659, 20.258672154099759 ], [ 105.852701984023867, 20.258665686287372 ], [ 105.852701984023867, 20.258629466533005 ], [ 105.852674406819702, 20.258606182400737 ], [ 105.852677164540111, 20.258541504237215 ], [ 105.852642693034909, 20.258553146308628 ], [ 105.852606842669502, 20.258488468123033 ], [ 105.852580644325556, 20.258500110198426 ], [ 105.852588917486784, 20.258448367634418 ], [ 105.852547551680544, 20.258394037923644 ], [ 105.852547551680544, 20.258347469584997 ], [ 105.852508943594714, 20.258324185410437 ], [ 105.852486881831382, 20.258272442787774 ], [ 105.852444137164923, 20.25823234224336 ], [ 105.852431727423053, 20.258238810073802 ], [ 105.852420696541373, 20.258145673289395 ], [ 105.852365542133043, 20.258106866279416 ], [ 105.852337964928878, 20.258034426501471 ], [ 105.852288325961382, 20.257987858054939 ], [ 105.852296599122639, 20.257969748099743 ], [ 105.852208352069297, 20.25790248253335 ], [ 105.852197321187631, 20.257853326908716 ], [ 105.852098043252639, 20.257765364173164 ], [ 105.852106316413895, 20.257747254192001 ] ] ] } },
{ "type": "Feature", "properties": { "lo_id": "L23", "seg": 90, "area_ha": 0.0925, "ndvi_2026-07-18": 0.742, "ndvi_2026-07-26": 0.745, "ndvi_2026-08-10": 0.711, "ndvi_change": -0.031, "loai": "Sinh trưởng đều" }, "geometry": { "type": "Polygon", "coordinates": [ [ [ 105.852255233316384, 20.257615309979808 ], [ 105.852245581294937, 20.257676107816994 ], [ 105.852229034972424, 20.257665759250649 ], [ 105.852138030198674, 20.257691630665228 ], [ 105.852038752263681, 20.25763471354745 ], [ 105.852020827080992, 20.257661878538094 ], [ 105.852106316413895, 20.257742079911274 ], [ 105.852098043252639, 20.257765364173164 ], [ 105.852197321187631, 20.257853326908716 ], [ 105.852200078908069, 20.257889546844162 ], [ 105.852245581294937, 20.25793482175159 ], [ 105.85225385445618, 20.257921886065102 ], [ 105.852278673939921, 20.257950344573967 ], [ 105.852320039746175, 20.257916711790216 ], [ 105.852340722649316, 20.257925766771162 ], [ 105.852379330735133, 20.257853326908709 ], [ 105.852358647832006, 20.257810639116794 ], [ 105.852394498197427, 20.257802877698818 ], [ 105.852408286799502, 20.25782098767349 ], [ 105.852416559960758, 20.257802877698815 ], [ 105.852444137164923, 20.257800290559409 ], [ 105.852442758304704, 20.257840391215435 ], [ 105.852463441207831, 20.257870143308359 ], [ 105.85247998753033, 20.25782098767349 ], [ 105.852504807014085, 20.257849446200847 ], [ 105.852522732196789, 20.257840391215431 ], [ 105.85251997447638, 20.25779123557113 ], [ 105.852537899659083, 20.257813226256037 ], [ 105.852542036239711, 20.257786061291892 ], [ 105.852566855723452, 20.257773125593001 ], [ 105.852497912713048, 20.257765364173164 ], [ 105.852502049293662, 20.257704566370911 ], [ 105.852372436434095, 20.257683869241319 ], [ 105.852358647832006, 20.257709740652878 ], [ 105.852328312907417, 20.25770715351192 ], [ 105.852300735703253, 20.257730437779031 ], [ 105.852337964928878, 20.257682575670621 ], [ 105.852315903165547, 20.257682575670618 ], [ 105.852332449488046, 20.257643768544867 ], [ 105.852255233316384, 20.257615309979808 ] ] ] } },
{ "type": "Feature", "properties": { "lo_id": "L24", "seg": 179, "area_ha": 0.09, "ndvi_2026-07-18": 0.274, "ndvi_2026-07-26": 0.437, "ndvi_2026-08-10": 0.708, "ndvi_change": 0.434, "loai": "Bật xanh mạnh — mới gieo/tái sinh" }, "geometry": { "type": "Polygon", "coordinates": [ [ [ 105.853533436729464, 20.256002218241424 ], [ 105.85319975255905, 20.256020328426136 ], [ 105.852782865066573, 20.256088037344519 ], [ 105.852641314174718, 20.256127695906432 ], [ 105.852689574281996, 20.256232476146952 ], [ 105.85330454593489, 20.256079833303907 ], [ 105.853547225331553, 20.25604102577752 ], [ 105.853559635073424, 20.256013860503263 ], [ 105.853533436729464, 20.256002218241424 ] ] ] } },
{ "type": "Feature", "properties": { "lo_id": "L25", "seg": 157, "area_ha": 0.0887, "ndvi_2026-07-18": 0.603, "ndvi_2026-07-26": 0.564, "ndvi_2026-08-10": 0.574, "ndvi_change": -0.029, "loai": "Sinh trưởng đều" }, "geometry": { "type": "Polygon", "coordinates": [ [ [ 105.85310599006489, 20.25620143015712 ], [ 105.853071518559702, 20.256210485238128 ], [ 105.85307979172093, 20.256464027291816 ], [ 105.853034289334062, 20.25648860532602 ], [ 105.852946042280749, 20.25648860532602 ], [ 105.852832975743652, 20.256519651258419 ], [ 105.852781957915951, 20.256308797512169 ], [ 105.85279850423845, 20.256285513031841 ], [ 105.852718530346365, 20.256293274525675 ], [ 105.852748865270954, 20.256324320497125 ], [ 105.852787473356784, 20.256484724584048 ], [ 105.85279850423845, 20.256585623844128 ], [ 105.852780579055732, 20.25662572481389 ], [ 105.85287709927033, 20.256605027540466 ], [ 105.85289226673261, 20.256678761564455 ], [ 105.852914328495942, 20.256676174406326 ], [ 105.852915707356146, 20.256651596401799 ], [ 105.852943284560311, 20.256690403775579 ], [ 105.852961209743043, 20.256671000089892 ], [ 105.85294466342053, 20.25660890827945 ], [ 105.852976377205309, 20.25659985322168 ], [ 105.852990165807398, 20.256677467985387 ], [ 105.853067381979059, 20.25667229366902 ], [ 105.853119778666979, 20.256643834925875 ], [ 105.853141840430311, 20.256680055143516 ], [ 105.853157007892605, 20.256678761564459 ], [ 105.85310599006489, 20.25620143015712 ] ] ] } },
{ "type": "Feature", "properties": { "lo_id": "L26", "seg": 139, "area_ha": 0.0859, "ndvi_2026-07-18": 0.747, "ndvi_2026-07-26": 0.626, "ndvi_2026-08-10": 0.697, "ndvi_change": -0.05, "loai": "Sinh trưởng đều" }, "geometry": { "type": "Polygon", "coordinates": [ [ [ 105.854064297909645, 20.256802945104656 ], [ 105.854043615006518, 20.256853394639496 ], [ 105.853991218318612, 20.256835284551947 ], [ 105.85399535489924, 20.256857275372273 ], [ 105.853976050856318, 20.256867623992502 ], [ 105.853988460598202, 20.256868917569989 ], [ 105.853992597178831, 20.256875385457246 ], [ 105.853974671996113, 20.256871504724931 ], [ 105.85396915655528, 20.25689220196282 ], [ 105.853944337071525, 20.256835284551947 ], [ 105.853905728985694, 20.256855981794683 ], [ 105.853845059136532, 20.256855981794679 ], [ 105.853845059136532, 20.256835284551947 ], [ 105.853828512814033, 20.256858568949841 ], [ 105.853787147007779, 20.256861156104954 ], [ 105.853799556749664, 20.25684433959599 ], [ 105.85378438928737, 20.25683787170744 ], [ 105.853766464104666, 20.256849513906634 ], [ 105.853816103072162, 20.256909018466597 ], [ 105.853813345351739, 20.256934890007294 ], [ 105.853734750319873, 20.256972403733638 ], [ 105.853733371459668, 20.257020266060987 ], [ 105.853714067416746, 20.257025440365776 ], [ 105.853719582857579, 20.257061660494369 ], [ 105.853738886900487, 20.257066834797776 ], [ 105.853765085244447, 20.257125045699105 ], [ 105.853800935609868, 20.257122458548402 ], [ 105.853817481932381, 20.257099174190088 ], [ 105.85392779074904, 20.257093999887779 ], [ 105.853933306189859, 20.257078476979775 ], [ 105.853958125673614, 20.257091412736543 ], [ 105.853971914275689, 20.257068128373596 ], [ 105.854027068684019, 20.257106935643254 ], [ 105.854053267027993, 20.257092706312172 ], [ 105.854050509307569, 20.257056486190809 ], [ 105.854067055630068, 20.257051311887064 ], [ 105.854053267027993, 20.256986633075737 ], [ 105.854069813350478, 20.256942651468659 ], [ 105.854064297909645, 20.256802945104656 ] ] ] } },
{ "type": "Feature", "properties": { "lo_id": "L27", "seg": 82, "area_ha": 0.0839, "ndvi_2026-07-18": 0.367, "ndvi_2026-07-26": 0.379, "ndvi_2026-08-10": 0.396, "ndvi_change": 0.029, "loai": "Che phủ thưa / đất trống, công trình" }, "geometry": { "type": "Polygon", "coordinates": [ [ [ 105.854454515348593, 20.257743373481471 ], [ 105.854192531909021, 20.257802877698815 ], [ 105.854163575844652, 20.257830042660036 ], [ 105.854144271801729, 20.257902482533353 ], [ 105.854158060403805, 20.257964573826428 ], [ 105.854228382274442, 20.25795551884773 ], [ 105.854247686317365, 20.25801502298377 ], [ 105.854324902489012, 20.257983977350435 ], [ 105.854333175650268, 20.258017610119605 ], [ 105.854371783736099, 20.25801502298377 ], [ 105.854440726746503, 20.257971041668032 ], [ 105.854436590165889, 20.257943876731492 ], [ 105.85442004384339, 20.257941289594442 ], [ 105.854528973799844, 20.257880491861087 ], [ 105.85454276240192, 20.257852033339429 ], [ 105.854566203025456, 20.257850739770145 ], [ 105.854538625821291, 20.257786061291892 ], [ 105.854468303950668, 20.257792529140929 ], [ 105.854454515348593, 20.257743373481471 ] ] ] } },
{ "type": "Feature", "properties": { "lo_id": "L28", "seg": 83, "area_ha": 0.0837, "ndvi_2026-07-18": 0.628, "ndvi_2026-07-26": 0.613, "ndvi_2026-08-10": 0.638, "ndvi_change": 0.01, "loai": "Sinh trưởng đều" }, "geometry": { "type": "Polygon", "coordinates": [ [ [ 105.85387539406112, 20.257632126405241 ], [ 105.853840922555904, 20.257705859941414 ], [ 105.853871257480492, 20.257723969927401 ], [ 105.853871257480492, 20.257837804076647 ], [ 105.853904350125489, 20.257871436877497 ], [ 105.853785768147574, 20.257899895395585 ], [ 105.853806451050701, 20.257919298927675 ], [ 105.853869878620287, 20.257914124652697 ], [ 105.853840922555904, 20.257933528182988 ], [ 105.85384919571716, 20.257943876731488 ], [ 105.853925033028617, 20.25796586739477 ], [ 105.853930548469449, 20.257989151623082 ], [ 105.853955367953191, 20.257983977350438 ], [ 105.853991218318612, 20.25793999602589 ], [ 105.854013280081944, 20.257958105984564 ], [ 105.854038099565699, 20.2579141246527 ], [ 105.854073949931106, 20.257916711790212 ], [ 105.854083601952567, 20.257941289594445 ], [ 105.854065676769864, 20.25793999602589 ], [ 105.854056024748402, 20.257967160963101 ], [ 105.854109800296527, 20.258007261576022 ], [ 105.854118073457784, 20.257986564486778 ], [ 105.854145650661934, 20.257991738759337 ], [ 105.854163575844652, 20.257830042660036 ], [ 105.854076707651529, 20.257784767722033 ], [ 105.854039478425904, 20.257798996989685 ], [ 105.854050509307569, 20.25773173134932 ], [ 105.854035341845275, 20.257709740652878 ], [ 105.854009143501315, 20.25771362136425 ], [ 105.854049130447351, 20.257704566370915 ], [ 105.854049130447351, 20.257683869241323 ], [ 105.853980187436946, 20.25770197922985 ], [ 105.853971914275689, 20.257660584967201 ], [ 105.853894698104028, 20.257655410683604 ], [ 105.85387539406112, 20.257632126405241 ] ] ] } },
{ "type": "Feature", "properties": { "lo_id": "L29", "seg": 167, "area_ha": 0.0805, "ndvi_2026-07-18": 0.558, "ndvi_2026-07-26": 0.467, "ndvi_2026-08-10": 0.468, "ndvi_change": -0.09, "loai": "Che phủ thưa / đất trống, công trình" }, "geometry": { "type": "Polygon", "coordinates": [ [ [ 105.853082549441353, 20.256223421067226 ], [ 105.853035668194266, 20.25622083390148 ], [ 105.853034289334062, 20.256245411974195 ], [ 105.853003954409473, 20.25622471465007 ], [ 105.85279850423845, 20.256275164372791 ], [ 105.852781957915951, 20.256308797512169 ], [ 105.852832975743652, 20.256519651258419 ], [ 105.85307703400052, 20.256469201615122 ], [ 105.853082549441353, 20.256223421067226 ] ] ] } },
{ "type": "Feature", "properties": { "lo_id": "L30", "seg": 119, "area_ha": 0.0779, "ndvi_2026-07-18": 0.429, "ndvi_2026-07-26": 0.432, "ndvi_2026-08-10": 0.464, "ndvi_change": 0.035, "loai": "Che phủ thưa / đất trống, công trình" }, "geometry": { "type": "Polygon", "coordinates": [ [ [ 105.8512919615534, 20.256661945035756 ], [ 105.851154902870178, 20.256779660698438 ], [ 105.851149387429359, 20.256810706572629 ], [ 105.85136448962183, 20.257074596252536 ], [ 105.851818134630363, 20.257492420661706 ], [ 105.851678869749321, 20.257351421218996 ], [ 105.851736781878074, 20.257392815564081 ], [ 105.851734024157651, 20.257364356953023 ], [ 105.851676112028912, 20.257302265419874 ], [ 105.851678869749321, 20.257247935307991 ], [ 105.851655429125785, 20.257254403179456 ], [ 105.851592001556199, 20.257213008797457 ], [ 105.851350701019754, 20.256960761543674 ], [ 105.851375520503495, 20.256896082694627 ], [ 105.851317608374757, 20.256831403818637 ], [ 105.851331396976832, 20.25683399097419 ], [ 105.851331396976832, 20.256813293728531 ], [ 105.851287273450168, 20.256761550602295 ], [ 105.851301062052258, 20.256740853346979 ], [ 105.851263832826632, 20.256716275352698 ], [ 105.85121557271934, 20.256746027661059 ], [ 105.8512919615534, 20.256661945035756 ] ] ] } },
{ "type": "Feature", "properties": { "lo_id": "L31", "seg": 107, "area_ha": 0.0694, "ndvi_2026-07-18": 0.63, "ndvi_2026-07-26": 0.655, "ndvi_2026-08-10": 0.626, "ndvi_change": -0.004, "loai": "Sinh trưởng đều" }, "geometry": { "type": "Polygon", "coordinates": [ [ [ 105.852386225036184, 20.257383760552042 ], [ 105.852286947101177, 20.25743550347088 ], [ 105.852204215488683, 20.257419980597049 ], [ 105.852110452994509, 20.25747172350383 ], [ 105.852060814027013, 20.257469136358896 ], [ 105.851980840134942, 20.257513117816831 ], [ 105.851942232049097, 20.257479484938351 ], [ 105.851922928006189, 20.257500182095207 ], [ 105.851892593081601, 20.257484659227813 ], [ 105.851877425619321, 20.257519585677237 ], [ 105.851925685726613, 20.257588144981021 ], [ 105.851967051532853, 20.257611429265989 ], [ 105.852008417339107, 20.257608842123375 ], [ 105.852138030198674, 20.257691630665228 ], [ 105.852229034972424, 20.257665759250649 ], [ 105.852245581294937, 20.257676107816994 ], [ 105.852248339015347, 20.257611429265985 ], [ 105.852155955381392, 20.257654117112679 ], [ 105.852222140671387, 20.2575946128383 ], [ 105.852202836628464, 20.257594612838297 ], [ 105.852215246370363, 20.257575209265635 ], [ 105.852154576521173, 20.257590732123973 ], [ 105.852178017144723, 20.257563567120883 ], [ 105.852176638284519, 20.257546750688014 ], [ 105.852161470822224, 20.25755321854702 ], [ 105.852303493423676, 20.257474310648703 ], [ 105.852285568240973, 20.257470429931367 ], [ 105.852361405552415, 20.25743032917978 ], [ 105.852351753530968, 20.257410925586587 ], [ 105.852386225036184, 20.257383760552042 ] ] ] } },
{ "type": "Feature", "properties": { "lo_id": "L32", "seg": 74, "area_ha": 0.0659, "ndvi_2026-07-18": 0.915, "ndvi_2026-07-26": 0.854, "ndvi_2026-08-10": 0.865, "ndvi_change": -0.05, "loai": "Tán dày ổn định — cây lâu năm/vườn" }, "geometry": { "type": "Polygon", "coordinates": [ [ [ 105.852684058841163, 20.257727850638414 ], [ 105.852664754798241, 20.257743373481468 ], [ 105.852633041013448, 20.257729144208731 ], [ 105.852627525572615, 20.257744667051643 ], [ 105.852673027959497, 20.257758896322979 ], [ 105.852674406819702, 20.257775712732855 ], [ 105.852642693034909, 20.25776665774314 ], [ 105.852627525572615, 20.257780887012448 ], [ 105.852638556454281, 20.257835216937828 ], [ 105.852598569508245, 20.257849446200844 ], [ 105.852580644325556, 20.257886959706209 ], [ 105.852644071895114, 20.257954225279306 ], [ 105.852606842669502, 20.257924473202486 ], [ 105.852624767852205, 20.25798009664582 ], [ 105.852609600389911, 20.257968454531422 ], [ 105.852588917486784, 20.25799303232747 ], [ 105.852619252411372, 20.258034426501471 ], [ 105.852630283293038, 20.258112040547964 ], [ 105.852656481636998, 20.258131444053529 ], [ 105.852661997077831, 20.258108159846572 ], [ 105.852673027959497, 20.258131444053529 ], [ 105.852729561228031, 20.258119801950478 ], [ 105.852718530346365, 20.258073233529572 ], [ 105.852733697808659, 20.258059004287052 ], [ 105.852768169313862, 20.25807582066442 ], [ 105.852754380711787, 20.258060297854612 ], [ 105.852790231077194, 20.258005968008021 ], [ 105.852779200195528, 20.257964573826428 ], [ 105.852801261958859, 20.257959399552952 ], [ 105.852817808281358, 20.257925766771162 ], [ 105.852762653873029, 20.257845565492875 ], [ 105.852779200195528, 20.257832629798948 ], [ 105.852776442475118, 20.257804171268507 ], [ 105.852722666926994, 20.257787354861719 ], [ 105.852710257185123, 20.25774466705165 ], [ 105.852684058841163, 20.257727850638414 ] ] ] } },
{ "type": "Feature", "properties": { "lo_id": "L33", "seg": 92, "area_ha": 0.0637, "ndvi_2026-07-18": 0.551, "ndvi_2026-07-26": 0.547, "ndvi_2026-08-10": 0.55, "ndvi_change": -0.001, "loai": "Sinh trưởng đều" }, "geometry": { "type": "Polygon", "coordinates": [ [ [ 105.854564824165251, 20.257554512118798 ], [ 105.854544141262139, 20.257584264266526 ], [ 105.854560687584623, 20.257617897122291 ], [ 105.854541383541715, 20.257630832834124 ], [ 105.854563445305061, 20.257705859941424 ], [ 105.854534489240677, 20.25770715351192 ], [ 105.854528973799844, 20.25773819920062 ], [ 105.854520700638588, 20.257722676357034 ], [ 105.854457273069002, 20.257740786341071 ], [ 105.854453136488402, 20.257767951313134 ], [ 105.854468303950668, 20.257792529140929 ], [ 105.854531731520254, 20.257779593442582 ], [ 105.854566203025456, 20.257850739770145 ], [ 105.85454276240192, 20.257852033339429 ], [ 105.854528973799844, 20.257880491861087 ], [ 105.85442004384339, 20.257941289594442 ], [ 105.854446242187336, 20.257965867394766 ], [ 105.854614463132748, 20.257864969031747 ], [ 105.854631009455247, 20.257818400534383 ], [ 105.854807503561915, 20.257745960621826 ], [ 105.854862657970244, 20.257691630665235 ], [ 105.854963314765442, 20.257641181402789 ], [ 105.854957799324609, 20.257610135694691 ], [ 105.85492608553983, 20.257598493552536 ], [ 105.854733045110663, 20.257704566370919 ], [ 105.854745454852534, 20.257685162811992 ], [ 105.854724771949421, 20.257681282099906 ], [ 105.854697194745256, 20.257704566370915 ], [ 105.854628251734852, 20.25771491493467 ], [ 105.854622736294004, 20.257681282099906 ], [ 105.854606189971506, 20.257714914934674 ], [ 105.854588264788788, 20.257573915694053 ], [ 105.854564824165251, 20.257554512118798 ] ] ] } },
{ "type": "Feature", "properties": { "lo_id": "L34", "seg": 147, "area_ha": 0.0617, "ndvi_2026-07-18": 0.803, "ndvi_2026-07-26": 0.734, "ndvi_2026-08-10": 0.759, "ndvi_change": -0.044, "loai": "Tán dày ổn định — cây lâu năm/vườn" }, "geometry": { "type": "Polygon", "coordinates": [ [ [ 105.853809208771111, 20.25659985322168 ], [ 105.85357066595509, 20.256616669757111 ], [ 105.853606516320497, 20.256681348722562 ], [ 105.853584454557165, 20.256704633143528 ], [ 105.853617547202163, 20.256818468040198 ], [ 105.853621683782791, 20.256791302901991 ], [ 105.85363823010529, 20.256830110240831 ], [ 105.853693384513619, 20.256832697396408 ], [ 105.853722340577988, 20.256859862527399 ], [ 105.853689247932991, 20.256857275372269 ], [ 105.853698899954452, 20.256884440498929 ], [ 105.853765085244447, 20.256855981794679 ], [ 105.853783010427165, 20.256782247854865 ], [ 105.853814724211944, 20.256749908396525 ], [ 105.85384919571716, 20.256746027661062 ], [ 105.853857468878402, 20.256702045985818 ], [ 105.853843680276327, 20.256689110196611 ], [ 105.853857468878402, 20.256681348722559 ], [ 105.853827133953828, 20.256668412931624 ], [ 105.85386298431925, 20.256639954187779 ], [ 105.853856090018198, 20.2566205504958 ], [ 105.853809208771111, 20.25659985322168 ] ] ] } },
{ "type": "Feature", "properties": { "lo_id": "L35", "seg": 149, "area_ha": 0.0613, "ndvi_2026-07-18": 0.521, "ndvi_2026-07-26": 0.484, "ndvi_2026-08-10": 0.501, "ndvi_change": -0.02, "loai": "Che phủ thưa / đất trống, công trình" }, "geometry": { "type": "Polygon", "coordinates": [ [ [ 105.85258753862658, 20.256325614079131 ], [ 105.852448273745537, 20.256357953625844 ], [ 105.852486881831382, 20.256363127952703 ], [ 105.852478608670125, 20.256409696886603 ], [ 105.852497912713048, 20.256474375938271 ], [ 105.85249377613242, 20.256493779648515 ], [ 105.85246757778846, 20.256404522561294 ], [ 105.85243862172409, 20.256400641817208 ], [ 105.852444137164923, 20.256527412740539 ], [ 105.852401392498464, 20.256427807023783 ], [ 105.852462062347627, 20.256608908279453 ], [ 105.852459304627203, 20.256730504718284 ], [ 105.852548930540749, 20.256835284551951 ], [ 105.852605463809283, 20.256815880884389 ], [ 105.852543415099916, 20.256783541433062 ], [ 105.852528247637622, 20.256748614818054 ], [ 105.852554445981582, 20.256747321239555 ], [ 105.852572371164285, 20.256730504718284 ], [ 105.852561340282634, 20.256709807458829 ], [ 105.852582023185747, 20.256716275352694 ], [ 105.852594432927617, 20.256696871670272 ], [ 105.852575128884709, 20.256658064298094 ], [ 105.85259994836845, 20.256650302822504 ], [ 105.852566855723452, 20.256603733960777 ], [ 105.852583402045951, 20.256453678644668 ], [ 105.85255858256221, 20.256373476605887 ], [ 105.85258753862658, 20.256325614079131 ] ] ] } },
{ "type": "Feature", "properties": { "lo_id": "L36", "seg": 7, "area_ha": 0.0609, "ndvi_2026-07-18": 0.49, "ndvi_2026-07-26": 0.502, "ndvi_2026-08-10": 0.515, "ndvi_change": 0.025, "loai": "Che phủ thưa / đất trống, công trình" }, "geometry": { "type": "Polygon", "coordinates": [ [ [ 105.854928843260254, 20.25773819920062 ], [ 105.85459515908984, 20.257901188964482 ], [ 105.854564824165251, 20.257898601826714 ], [ 105.854371783736099, 20.25801502298377 ], [ 105.854333175650268, 20.258017610119605 ], [ 105.854331796790049, 20.257987858054939 ], [ 105.854311113886936, 20.257986564486782 ], [ 105.85423527657548, 20.258091343472696 ], [ 105.85423527657548, 20.258163783224081 ], [ 105.854189774188598, 20.258203883786198 ], [ 105.853552740772372, 20.258576430448873 ], [ 105.853265937849059, 20.258788574676686 ], [ 105.853053593376984, 20.258912756529188 ], [ 105.852923980517403, 20.259026589806709 ], [ 105.852893645592815, 20.259018828449534 ], [ 105.852899161033648, 20.259067983705116 ], [ 105.853092201462815, 20.258907582287314 ], [ 105.853674080470711, 20.258524687910292 ], [ 105.854236655435685, 20.258190948122127 ], [ 105.854418664983186, 20.258033132933694 ], [ 105.854603432251082, 20.25790895037753 ], [ 105.854910918077536, 20.257762469030201 ], [ 105.854928843260254, 20.25773819920062 ] ] ] } },
{ "type": "Feature", "properties": { "lo_id": "L37", "seg": 103, "area_ha": 0.0609, "ndvi_2026-07-18": 0.892, "ndvi_2026-07-26": 0.831, "ndvi_2026-08-10": 0.841, "ndvi_change": -0.051, "loai": "Tán dày ổn định — cây lâu năm/vườn" }, "geometry": { "type": "Polygon", "coordinates": [ [ [ 105.853678217051325, 20.257310026862882 ], [ 105.853669943890083, 20.257385054125216 ], [ 105.85365063984716, 20.25739022841784 ], [ 105.85366442844925, 20.257426448461338 ], [ 105.853603758600087, 20.257705859941424 ], [ 105.853603758600087, 20.257760189893027 ], [ 105.853613410621534, 20.257740786341071 ], [ 105.853617547202163, 20.257760189893023 ], [ 105.8536244415032, 20.257766657743137 ], [ 105.853665807309454, 20.257603667838048 ], [ 105.853693384513619, 20.257606254980743 ], [ 105.853751296642372, 20.257660584967201 ], [ 105.853756812083205, 20.257629539262975 ], [ 105.85379679902924, 20.257628245691841 ], [ 105.853759569803614, 20.257624364978334 ], [ 105.853755433223, 20.257604961409399 ], [ 105.853829891674238, 20.257576502837225 ], [ 105.853838164835494, 20.257548044259845 ], [ 105.853820239652777, 20.25751570496103 ], [ 105.853845059136532, 20.257510530672594 ], [ 105.853886424942786, 20.257544163544349 ], [ 105.853904350125489, 20.257527347109374 ], [ 105.853868499760068, 20.257493714233981 ], [ 105.853883667222362, 20.257476897793556 ], [ 105.853955367953191, 20.2574820720831 ], [ 105.853965019974652, 20.257511824244713 ], [ 105.853993976039021, 20.257528640681347 ], [ 105.854006385780906, 20.257496301378492 ], [ 105.853952610232781, 20.257435503470884 ], [ 105.853869878620287, 20.257443264907227 ], [ 105.853809208771111, 20.257412219159537 ], [ 105.853789904728202, 20.257432916325357 ], [ 105.853748538921948, 20.257438090616382 ], [ 105.853737508040297, 20.257399283429503 ], [ 105.853704415395285, 20.257404457721652 ], [ 105.853686490212581, 20.257379879832435 ], [ 105.853678217051325, 20.257310026862882 ] ] ] } },
{ "type": "Feature", "properties": { "lo_id": "L38", "seg": 110, "area_ha": 0.0602, "ndvi_2026-07-18": 0.264, "ndvi_2026-07-26": 0.315, "ndvi_2026-08-10": 0.377, "ndvi_change": 0.113, "loai": "Che phủ thưa / đất trống, công trình" }, "geometry": { "type": "Polygon", "coordinates": [ [ [ 105.852372436434095, 20.25741480630542 ], [ 105.85229522026242, 20.257461374923846 ], [ 105.852303493423676, 20.257474310648703 ], [ 105.852169743983467, 20.257545457116183 ], [ 105.852178017144723, 20.257563567120883 ], [ 105.852161470822224, 20.257579089980368 ], [ 105.852180774865147, 20.257571328550817 ], [ 105.852158713101801, 20.257584264266523 ], [ 105.852187669166184, 20.257593319266864 ], [ 105.852215246370363, 20.257575209265635 ], [ 105.852222140671387, 20.2575946128383 ], [ 105.852157334241596, 20.257655410683608 ], [ 105.852248339015347, 20.257611429265985 ], [ 105.852289704821587, 20.257637300689616 ], [ 105.852320039746175, 20.257632126405241 ], [ 105.852328312907417, 20.257657997825426 ], [ 105.852351753530968, 20.257630832834124 ], [ 105.852361405552415, 20.257546750688014 ], [ 105.852369678713671, 20.2575674478359 ], [ 105.852428969702629, 20.257563567120886 ], [ 105.852424833122001, 20.257549337831655 ], [ 105.852380709595337, 20.257549337831648 ], [ 105.852383467315761, 20.25753640211304 ], [ 105.852792988797617, 20.257529934253331 ], [ 105.852792988797617, 20.257498888522978 ], [ 105.852765411593452, 20.25749112708942 ], [ 105.852777821335323, 20.257476897793559 ], [ 105.852397255917836, 20.257476897793559 ], [ 105.852372436434095, 20.25741480630542 ] ] ] } },
{ "type": "Feature", "properties": { "lo_id": "L39", "seg": 129, "area_ha": 0.0582, "ndvi_2026-07-18": 0.831, "ndvi_2026-07-26": 0.763, "ndvi_2026-08-10": 0.769, "ndvi_change": -0.062, "loai": "Tán dày ổn định — cây lâu năm/vườn" }, "geometry": { "type": "Polygon", "coordinates": [ [ [ 105.85357066595509, 20.256619256916252 ], [ 105.853552740772372, 20.256617963336687 ], [ 105.853540331030501, 20.256639954187783 ], [ 105.853589969997998, 20.256743440504042 ], [ 105.853578939116332, 20.256774486385481 ], [ 105.853595485438831, 20.256800357948585 ], [ 105.85358169683677, 20.256815880884385 ], [ 105.85360927404092, 20.256852101061888 ], [ 105.853617547202163, 20.256916779929256 ], [ 105.853617547202163, 20.256968523003742 ], [ 105.853595485438831, 20.25700733029829 ], [ 105.853642366685932, 20.257069421949392 ], [ 105.853671322750287, 20.257321669026652 ], [ 105.853678217051325, 20.257170320829477 ], [ 105.853720961717784, 20.257179375853973 ], [ 105.853752675502591, 20.257113403520581 ], [ 105.853744402341334, 20.257074596252533 ], [ 105.853716825137155, 20.257048724735128 ], [ 105.853714067416746, 20.257025440365776 ], [ 105.853733371459668, 20.257020266060987 ], [ 105.853727856018821, 20.256981458769683 ], [ 105.853776116126113, 20.256964642273747 ], [ 105.853816103072162, 20.256909018466597 ], [ 105.853765085244447, 20.256855981794679 ], [ 105.853698899954452, 20.256884440498929 ], [ 105.853689247932991, 20.256857275372269 ], [ 105.853722340577988, 20.256859862527399 ], [ 105.853693384513619, 20.256832697396408 ], [ 105.85363823010529, 20.256830110240831 ], [ 105.853621683782791, 20.256791302901991 ], [ 105.853625820363419, 20.256823642351698 ], [ 105.853623062642995, 20.256833990974194 ], [ 105.853584454557165, 20.256704633143528 ], [ 105.853606516320497, 20.256681348722562 ], [ 105.85357066595509, 20.256619256916252 ] ] ] } },
{ "type": "Feature", "properties": { "lo_id": "L40", "seg": 146, "area_ha": 0.0572, "ndvi_2026-07-18": 0.66, "ndvi_2026-07-26": 0.651, "ndvi_2026-08-10": 0.641, "ndvi_change": -0.019, "loai": "Sinh trưởng đều" }, "geometry": { "type": "Polygon", "coordinates": [ [ [ 105.852597190648041, 20.256466614453487 ], [ 105.852597190648041, 20.256508009034491 ], [ 105.852582023185747, 20.256486018164711 ], [ 105.852572371164285, 20.256495073229111 ], [ 105.852566855723452, 20.256546816444153 ], [ 105.852566855723452, 20.256603733960777 ], [ 105.85259994836845, 20.256650302822504 ], [ 105.852575128884709, 20.256658064298094 ], [ 105.852594432927617, 20.256696871670272 ], [ 105.852582023185747, 20.256716275352694 ], [ 105.852561340282634, 20.256709807458829 ], [ 105.852572371164285, 20.256730504718284 ], [ 105.85253100535806, 20.256764137759017 ], [ 105.852579265465323, 20.256814587306462 ], [ 105.852605463809283, 20.256813293728534 ], [ 105.852586159766375, 20.256836578129711 ], [ 105.852616494690949, 20.256921954237484 ], [ 105.852667512518664, 20.256928422122524 ], [ 105.852624767852205, 20.25679518363631 ], [ 105.852630283293038, 20.256748614818058 ], [ 105.852797125378245, 20.256734385454113 ], [ 105.852759896152619, 20.256676174406326 ], [ 105.852797125378245, 20.256682642301584 ], [ 105.852792988797617, 20.256632192711269 ], [ 105.852815050560949, 20.256629605552362 ], [ 105.852765411593452, 20.256621844075344 ], [ 105.852739213249492, 20.256550697184593 ], [ 105.852690953142215, 20.256559752245234 ], [ 105.85267854340033, 20.256491192487292 ], [ 105.852674406819702, 20.256570100885309 ], [ 105.852631662153243, 20.256579155944802 ], [ 105.852617873551168, 20.256550697184593 ], [ 105.852612358110335, 20.256568807305328 ], [ 105.852597190648041, 20.256466614453487 ] ] ] } },
{ "type": "Feature", "properties": { "lo_id": "L41", "seg": 141, "area_ha": 0.0571, "ndvi_2026-07-18": 0.862, "ndvi_2026-07-26": 0.758, "ndvi_2026-08-10": 0.784, "ndvi_change": -0.078, "loai": "Tán dày ổn định — cây lâu năm/vườn" }, "geometry": { "type": "Polygon", "coordinates": [ [ [ 105.854078086511734, 20.256614082597928 ], [ 105.854067055630068, 20.256621844075344 ], [ 105.854067055630068, 20.256702045985815 ], [ 105.854058782468812, 20.256712394616404 ], [ 105.854058782468812, 20.256766724915696 ], [ 105.854054645888183, 20.256770605650633 ], [ 105.854051888167774, 20.256747321239551 ], [ 105.854031205264647, 20.256748614818047 ], [ 105.854025689823814, 20.256683935880613 ], [ 105.853996733759445, 20.256664532194133 ], [ 105.853988460598202, 20.256687816617632 ], [ 105.853858847738621, 20.256700752406942 ], [ 105.85384919571716, 20.256746027661062 ], [ 105.853799556749664, 20.256764137759017 ], [ 105.853763706384242, 20.256839165285175 ], [ 105.853776116126113, 20.256853394639499 ], [ 105.853778873846537, 20.256837871707443 ], [ 105.853798177889459, 20.256843046018293 ], [ 105.853785768147574, 20.256854688217086 ], [ 105.853798177889459, 20.256861156104954 ], [ 105.853828512814033, 20.256858568949841 ], [ 105.853842301416108, 20.256835284551951 ], [ 105.853847816856955, 20.256853394639496 ], [ 105.853905728985694, 20.256855981794683 ], [ 105.853944337071525, 20.256835284551947 ], [ 105.85396915655528, 20.25689220196282 ], [ 105.853974671996113, 20.256871504724931 ], [ 105.853992597178831, 20.256875385457246 ], [ 105.853976050856318, 20.256867623992502 ], [ 105.85399535489924, 20.256857275372273 ], [ 105.853991218318612, 20.256835284551947 ], [ 105.854043615006518, 20.256853394639496 ], [ 105.854065676769864, 20.256801651526633 ], [ 105.854069813350478, 20.256942651468659 ], [ 105.854053267027993, 20.256986633075737 ], [ 105.854082223092362, 20.257062954070228 ], [ 105.854100148275066, 20.256945238622354 ], [ 105.854078086511734, 20.256614082597928 ] ] ] } },
{ "type": "Feature", "properties": { "lo_id": "L42", "seg": 116, "area_ha": 0.0559, "ndvi_2026-07-18": 0.484, "ndvi_2026-07-26": null, "ndvi_2026-08-10": 0.498, "ndvi_change": 0.014, "loai": "Che phủ thưa / đất trống, công trình" }, "geometry": { "type": "Polygon", "coordinates": [ [ [ 105.851489965900782, 20.256998275263761 ], [ 105.851444463513914, 20.257020266060991 ], [ 105.851438948073081, 20.257056486190805 ], [ 105.851616821039954, 20.257233705989847 ], [ 105.851655429125785, 20.257254403179456 ], [ 105.851678869749321, 20.257247935307991 ], [ 105.851667838867655, 20.257271219643982 ], [ 105.851684385190154, 20.257317788305489 ], [ 105.851862258157027, 20.257507943528299 ], [ 105.851878804479526, 20.257518292105178 ], [ 105.851892593081601, 20.257484659227813 ], [ 105.851922928006189, 20.257500182095207 ], [ 105.851940853188907, 20.257478191365959 ], [ 105.851910518264319, 20.257439384189112 ], [ 105.851750570480164, 20.257289329680678 ], [ 105.851734024157651, 20.257247935307991 ], [ 105.851489965900782, 20.256998275263761 ] ] ] } },
{ "type": "Feature", "properties": { "lo_id": "L43", "seg": 162, "area_ha": 0.055, "ndvi_2026-07-18": 0.234, "ndvi_2026-07-26": 0.297, "ndvi_2026-08-10": 0.395, "ndvi_change": 0.161, "loai": "Che phủ thưa / đất trống, công trình" }, "geometry": { "type": "Polygon", "coordinates": [ [ [ 105.853901592405066, 20.256409696886603 ], [ 105.8538229973732, 20.256421339117885 ], [ 105.853803693330278, 20.256452385063724 ], [ 105.853756812083205, 20.256449797901812 ], [ 105.853748538921948, 20.256431687767183 ], [ 105.85372923487904, 20.256473082357495 ], [ 105.853715446276951, 20.256452385063728 ], [ 105.853700278814657, 20.256497660390288 ], [ 105.853675459330915, 20.256500247551401 ], [ 105.853675459330915, 20.256551990764716 ], [ 105.853635472384866, 20.256540348543229 ], [ 105.853632714664457, 20.256561045825279 ], [ 105.853610652901125, 20.256540348543226 ], [ 105.85361203176133, 20.256562339405306 ], [ 105.853587212277588, 20.256575275205087 ], [ 105.853601000879664, 20.256580449524684 ], [ 105.853592727718421, 20.256608908279453 ], [ 105.853985702877779, 20.256586917423956 ], [ 105.853962262254257, 20.256551990764716 ], [ 105.853976050856318, 20.256523531999527 ], [ 105.853963641114447, 20.256504128292988 ], [ 105.853942958211334, 20.256505421873502 ], [ 105.853965019974652, 20.256484724584048 ], [ 105.853931927329654, 20.256484724584048 ], [ 105.853937442770487, 20.256451091482777 ], [ 105.853907107845899, 20.256440742834762 ], [ 105.853918138727565, 20.256425219861448 ], [ 105.853901592405066, 20.256409696886603 ] ] ] } },
{ "type": "Feature", "properties": { "lo_id": "L44", "seg": 174, "area_ha": 0.0547, "ndvi_2026-07-18": 0.231, "ndvi_2026-07-26": 0.355, "ndvi_2026-08-10": 0.63, "ndvi_change": 0.399, "loai": "Bật xanh mạnh — mới gieo/tái sinh" }, "geometry": { "type": "Polygon", "coordinates": [ [ [ 105.852637177594076, 20.256126402322785 ], [ 105.85259086191995, 20.256136750991747 ], [ 105.852012553919721, 20.256365715116068 ], [ 105.852096664392434, 20.256361834370992 ], [ 105.852670270239074, 20.256240237643429 ], [ 105.852685437701368, 20.256200136574083 ], [ 105.852637177594076, 20.256126402322785 ] ] ] } },
{ "type": "Feature", "properties": { "lo_id": "L45", "seg": 122, "area_ha": 0.0538, "ndvi_2026-07-18": 0.916, "ndvi_2026-07-26": 0.866, "ndvi_2026-08-10": 0.869, "ndvi_change": -0.047, "loai": "Tán dày ổn định — cây lâu năm/vườn" }, "geometry": { "type": "Polygon", "coordinates": [ [ [ 105.853908486706118, 20.257207834498949 ], [ 105.853818860792572, 20.257278981088554 ], [ 105.853831270534442, 20.257324256174041 ], [ 105.85377060068528, 20.257313907584223 ], [ 105.853754054362781, 20.257344953351573 ], [ 105.853736129180078, 20.257338485483896 ], [ 105.853736129180078, 20.25735659551275 ], [ 105.853760948663833, 20.257366944099697 ], [ 105.853749917782167, 20.257390228417837 ], [ 105.853762327524038, 20.257409632013619 ], [ 105.853795420169035, 20.257425154888491 ], [ 105.853828512814033, 20.257414806305423 ], [ 105.853869878620287, 20.257443264907227 ], [ 105.853952610232781, 20.257435503470884 ], [ 105.854005006920687, 20.257487246372499 ], [ 105.854025689823814, 20.257462668496373 ], [ 105.854014658942148, 20.257436797043631 ], [ 105.854050509307569, 20.257382466978854 ], [ 105.854056024748402, 20.257333311189551 ], [ 105.853984324017574, 20.257291916828599 ], [ 105.853974671996113, 20.257249228882323 ], [ 105.853952610232781, 20.257264751773235 ], [ 105.853908486706118, 20.257233705989847 ], [ 105.853908486706118, 20.257207834498949 ] ] ] } },
{ "type": "Feature", "properties": { "lo_id": "L46", "seg": 176, "area_ha": 0.0524, "ndvi_2026-07-18": 0.324, "ndvi_2026-07-26": 0.371, "ndvi_2026-08-10": 0.508, "ndvi_change": 0.184, "loai": "Che phủ thưa / đất trống, công trình" }, "geometry": { "type": "Polygon", "coordinates": [ [ [ 105.854413149542339, 20.256004805410804 ], [ 105.854298704145052, 20.256021622010689 ], [ 105.854320765908383, 20.256101824231237 ], [ 105.854309735026717, 20.256122521571736 ], [ 105.854331796790049, 20.256138044575316 ], [ 105.854331796790049, 20.256197549407961 ], [ 105.854363510574842, 20.256263522130556 ], [ 105.854382814617765, 20.256209191655159 ], [ 105.854534489240677, 20.256191081492478 ], [ 105.854629630595042, 20.2561483932435 ], [ 105.854622736294004, 20.25609794347957 ], [ 105.85454276240192, 20.256110879318037 ], [ 105.854549656702957, 20.256094062727819 ], [ 105.854508290896717, 20.256078539719848 ], [ 105.854522079498793, 20.256063016710332 ], [ 105.854497260015052, 20.256060429541929 ], [ 105.854504154316089, 20.25604620011493 ], [ 105.854455894208797, 20.256031970686632 ], [ 105.854484850273181, 20.256012566918656 ], [ 105.854424180424004, 20.256017741257025 ], [ 105.854413149542339, 20.256004805410804 ] ] ] } },
{ "type": "Feature", "properties": { "lo_id": "L47", "seg": 101, "area_ha": 0.0523, "ndvi_2026-07-18": 0.469, "ndvi_2026-07-26": 0.47, "ndvi_2026-08-10": 0.558, "ndvi_change": 0.089, "loai": "Sinh trưởng đều" }, "geometry": { "type": "MultiPolygon", "coordinates": [ [ [ [ 105.855427990655642, 20.255751262607184 ], [ 105.855346637903352, 20.255755143367505 ], [ 105.855443158117936, 20.25576031771444 ], [ 105.855427990655642, 20.255751262607184 ] ] ], [ [ [ 105.855445915838345, 20.255765492061204 ], [ 105.855523132010006, 20.255861217445307 ], [ 105.855776842288336, 20.256282925867158 ], [ 105.855834754417074, 20.256425219861448 ], [ 105.855947820954157, 20.256627018393402 ], [ 105.856071918372905, 20.25680294510466 ], [ 105.856269095382686, 20.257034495398702 ], [ 105.85595333639499, 20.256611495438712 ], [ 105.855771326847503, 20.256254467052635 ], [ 105.855476250762933, 20.255778427927371 ], [ 105.855445915838345, 20.255765492061204 ] ] ], [ [ [ 105.856270474242891, 20.257043550431113 ], [ 105.856252549060187, 20.25706554122193 ], [ 105.855874741363124, 20.257215595946665 ], [ 105.855408686612719, 20.257438090616382 ], [ 105.855352153344185, 20.25749112708942 ], [ 105.856292536006237, 20.257061660494369 ], [ 105.856270474242891, 20.257043550431113 ] ] ], [ [ [ 105.855352153344185, 20.257493714233981 ], [ 105.855303893236893, 20.257518292105178 ], [ 105.855294241215447, 20.257527347109377 ], [ 105.855352153344185, 20.257493714233981 ] ] ], [ [ [ 105.855194963280439, 20.257592025695427 ], [ 105.85517979581816, 20.257595906409737 ], [ 105.855172901517108, 20.257602374266686 ], [ 105.855194963280439, 20.257592025695427 ] ] ], [ [ [ 105.855172901517108, 20.257604961409388 ], [ 105.854950905023571, 20.257725263497754 ], [ 105.854910918077536, 20.257760189893023 ], [ 105.855172901517108, 20.257604961409388 ] ] ] ] } },
{ "type": "Feature", "properties": { "lo_id": "L48", "seg": 131, "area_ha": 0.0507, "ndvi_2026-07-18": 0.761, "ndvi_2026-07-26": 0.746, "ndvi_2026-08-10": 0.71, "ndvi_change": -0.051, "loai": "Sinh trưởng đều" }, "geometry": { "type": "Polygon", "coordinates": [ [ [ 105.852588917486784, 20.256867623992502 ], [ 105.852588917486784, 20.257007330298293 ], [ 105.852602706088874, 20.257009917450926 ], [ 105.852580644325556, 20.257115990671426 ], [ 105.852588917486784, 20.257167733679537 ], [ 105.852606842669502, 20.257189724452751 ], [ 105.852617873551168, 20.257150917203795 ], [ 105.852644071895114, 20.257170320829474 ], [ 105.852637177594076, 20.257181963003738 ], [ 105.852673027959497, 20.257181963003738 ], [ 105.852657860497203, 20.257165146529537 ], [ 105.85267854340033, 20.25715867865436 ], [ 105.852689574281996, 20.257181963003735 ], [ 105.852711636045328, 20.257171614404452 ], [ 105.852677164540111, 20.2571936051771 ], [ 105.852682679980944, 20.257250522456612 ], [ 105.852750244131158, 20.257244054584998 ], [ 105.852786094496565, 20.257295797550409 ], [ 105.852792988797617, 20.257245348159337 ], [ 105.852779200195528, 20.257234999564265 ], [ 105.852795746518026, 20.257206540924283 ], [ 105.852783336776156, 20.257197485901372 ], [ 105.852787473356784, 20.257219476670386 ], [ 105.852773684754695, 20.257219476670379 ], [ 105.852740592109697, 20.257110816369675 ], [ 105.852757138432196, 20.257105642067749 ], [ 105.852759896152619, 20.257061660494369 ], [ 105.852741970969902, 20.257083651282624 ], [ 105.852721288066789, 20.25704096327906 ], [ 105.852726803507622, 20.257004743145632 ], [ 105.852674406819702, 20.256916779929256 ], [ 105.852626146712424, 20.256931009276457 ], [ 105.852610979250116, 20.256872798302375 ], [ 105.852593054067412, 20.256884440498933 ], [ 105.852588917486784, 20.256867623992502 ] ] ] } },
{ "type": "Feature", "properties": { "lo_id": "L49", "seg": 154, "area_ha": 0.0478, "ndvi_2026-07-18": 0.846, "ndvi_2026-07-26": 0.796, "ndvi_2026-08-10": 0.836, "ndvi_change": -0.01, "loai": "Tán dày ổn định — cây lâu năm/vườn" }, "geometry": { "type": "Polygon", "coordinates": [ [ [ 105.851765737942443, 20.256501541131943 ], [ 105.851605790158288, 20.25655069718459 ], [ 105.851556151190792, 20.256548110024319 ], [ 105.851485829320168, 20.256598559641951 ], [ 105.851492723621206, 20.256610201859083 ], [ 105.851509269943705, 20.256597266062233 ], [ 105.851518921965166, 20.256632192711272 ], [ 105.851582349534738, 20.25667617440633 ], [ 105.851552014610164, 20.256681348722555 ], [ 105.851564424352034, 20.25673955976843 ], [ 105.851647155964528, 20.256762844180667 ], [ 105.85166921772786, 20.256734385454113 ], [ 105.851684385190154, 20.256746027661062 ], [ 105.851677490889116, 20.256695578091342 ], [ 105.851758843641406, 20.256694284512427 ], [ 105.851742297318907, 20.256616669757104 ], [ 105.851764359082239, 20.256598559641951 ], [ 105.851731266437241, 20.256531293481459 ], [ 105.851743676179112, 20.256517064097626 ], [ 105.851768495662867, 20.256522238419162 ], [ 105.851765737942443, 20.256501541131943 ] ] ] } },
{ "type": "Feature", "properties": { "lo_id": "L50", "seg": 195, "area_ha": 0.0478, "ndvi_2026-07-18": 0.402, "ndvi_2026-07-26": 0.44, "ndvi_2026-08-10": 0.612, "ndvi_change": 0.21, "loai": "Sinh trưởng đều" }, "geometry": { "type": "Polygon", "coordinates": [ [ [ 105.855360426505428, 20.255757730540985 ], [ 105.855003301711491, 20.255771959994426 ], [ 105.854626872874633, 20.255843107242033 ], [ 105.854716498788164, 20.255854749515809 ], [ 105.854699952465666, 20.255880621232194 ], [ 105.854793714959825, 20.255865098202879 ], [ 105.854731666250458, 20.255894850674373 ], [ 105.854768895476084, 20.25589614425995 ], [ 105.855334228161482, 20.255787483033043 ], [ 105.855360426505428, 20.255757730540985 ] ] ] } },
{ "type": "Feature", "properties": { "lo_id": "L51", "seg": 127, "area_ha": 0.0465, "ndvi_2026-07-18": 0.092, "ndvi_2026-07-26": 0.199, "ndvi_2026-08-10": 0.592, "ndvi_change": 0.5, "loai": "Bật xanh mạnh — mới gieo/tái sinh" }, "geometry": { "type": "Polygon", "coordinates": [ [ [ 105.855309408677741, 20.257086238433974 ], [ 105.85517979581816, 20.25713280715096 ], [ 105.85517979581816, 20.257119871397641 ], [ 105.855143945452738, 20.257127632849762 ], [ 105.855017090313567, 20.257184550153458 ], [ 105.855043288657527, 20.257320375452938 ], [ 105.855287346914395, 20.257225944543027 ], [ 105.855310787537931, 20.257203953774937 ], [ 105.855294241215447, 20.257196192326649 ], [ 105.855332849301263, 20.257165146529534 ], [ 105.855313545258355, 20.257147036478354 ], [ 105.855324576140021, 20.257110816369668 ], [ 105.855305272097098, 20.257105642067746 ], [ 105.855309408677741, 20.257086238433974 ] ] ] } },
{ "type": "Feature", "properties": { "lo_id": "L52", "seg": 156, "area_ha": 0.045, "ndvi_2026-07-18": 0.609, "ndvi_2026-07-26": 0.547, "ndvi_2026-08-10": 0.572, "ndvi_change": -0.037, "loai": "Sinh trưởng đều" }, "geometry": { "type": "Polygon", "coordinates": [ [ [ 105.85240001363826, 20.256410990467892 ], [ 105.852391740477003, 20.256439449253705 ], [ 105.852377951874928, 20.256426513442619 ], [ 105.852361405552415, 20.256442036415812 ], [ 105.852325555187022, 20.256431687767183 ], [ 105.852325555187022, 20.256447210739847 ], [ 105.852309008864509, 20.256431687767183 ], [ 105.852311766584918, 20.256462733710954 ], [ 105.852289704821587, 20.256436862091586 ], [ 105.852202836628464, 20.256461440130089 ], [ 105.852365542133043, 20.256660651456549 ], [ 105.852422075401591, 20.256716275352694 ], [ 105.852446894885333, 20.256703339564677 ], [ 105.852455168046589, 20.256716275352694 ], [ 105.852459304627203, 20.256606321120152 ], [ 105.85240001363826, 20.256410990467892 ] ] ] } },
{ "type": "Feature", "properties": { "lo_id": "L53", "seg": 86, "area_ha": 0.0438, "ndvi_2026-07-18": 0.932, "ndvi_2026-07-26": 0.882, "ndvi_2026-08-10": 0.886, "ndvi_change": -0.046, "loai": "Tán dày ổn định — cây lâu năm/vườn" }, "geometry": { "type": "Polygon", "coordinates": [ [ [ 105.853421749052586, 20.257718795645896 ], [ 105.853452083977189, 20.257775712732851 ], [ 105.853434158794471, 20.257815813395233 ], [ 105.853394171848421, 20.257824868382066 ], [ 105.853407960450511, 20.257850739770145 ], [ 105.853396929568845, 20.257863675462559 ], [ 105.853416233611753, 20.2578766111539 ], [ 105.853401066149459, 20.25790636323989 ], [ 105.853388656407589, 20.257897308257792 ], [ 105.853402445009678, 20.257918005358942 ], [ 105.853377625525923, 20.257925766771166 ], [ 105.853391414128026, 20.257936115320188 ], [ 105.853370731224885, 20.257973628804603 ], [ 105.853392792988217, 20.257973628804596 ], [ 105.853412097031125, 20.257937408888761 ], [ 105.85345070511697, 20.257937408888765 ], [ 105.853456220557817, 20.257921886065098 ], [ 105.853494828643633, 20.257950344573963 ], [ 105.853494828643633, 20.257906363239886 ], [ 105.853541709890706, 20.257932234614387 ], [ 105.853552740772372, 20.257916711790212 ], [ 105.853599622019459, 20.257914124652697 ], [ 105.853628578083828, 20.257842978354166 ], [ 105.853625820363419, 20.257767951313138 ], [ 105.853613410621534, 20.257740786341071 ], [ 105.853601000879664, 20.257762777033111 ], [ 105.853599622019459, 20.257720089216289 ], [ 105.853561013933628, 20.257748547762148 ], [ 105.853519648127374, 20.257748547762148 ], [ 105.853500344084466, 20.257730437779035 ], [ 105.853478282321134, 20.257756309182831 ], [ 105.853421749052586, 20.257718795645896 ] ] ] } },
{ "type": "Feature", "properties": { "lo_id": "L54", "seg": 124, "area_ha": 0.0435, "ndvi_2026-07-18": 0.928, "ndvi_2026-07-26": 0.872, "ndvi_2026-08-10": 0.878, "ndvi_change": -0.05, "loai": "Tán dày ổn định — cây lâu năm/vườn" }, "geometry": { "type": "Polygon", "coordinates": [ [ [ 105.85377060068528, 20.257127632849759 ], [ 105.853744402341334, 20.257123752123753 ], [ 105.853720961717784, 20.257179375853973 ], [ 105.853693384513619, 20.257192311602328 ], [ 105.853708551975913, 20.25717549512926 ], [ 105.853678217051325, 20.257170320829477 ], [ 105.853675459330915, 20.257211715222855 ], [ 105.853686490212581, 20.257379879832435 ], [ 105.853704415395285, 20.257404457721652 ], [ 105.853737508040297, 20.257399283429503 ], [ 105.853754054362781, 20.257440677761831 ], [ 105.853794041308831, 20.257426448461338 ], [ 105.853755433223, 20.257403164148627 ], [ 105.853760948663833, 20.257366944099697 ], [ 105.853736129180078, 20.25735659551275 ], [ 105.853736129180078, 20.257338485483896 ], [ 105.853754054362781, 20.257344953351573 ], [ 105.85377060068528, 20.257313907584223 ], [ 105.853831270534442, 20.257324256174041 ], [ 105.853818860792572, 20.257281568236642 ], [ 105.853840922555904, 20.25727380679221 ], [ 105.853829891674238, 20.2572582839022 ], [ 105.853912623286732, 20.25720395377493 ], [ 105.853865742039659, 20.257193605177111 ], [ 105.853865742039659, 20.257149623628656 ], [ 105.853836785975275, 20.257145742903209 ], [ 105.853828512814033, 20.257122458548395 ], [ 105.85377060068528, 20.257127632849759 ] ] ] } },
{ "type": "Feature", "properties": { "lo_id": "L55", "seg": 85, "area_ha": 0.0418, "ndvi_2026-07-18": 0.872, "ndvi_2026-07-26": 0.826, "ndvi_2026-08-10": 0.835, "ndvi_change": -0.037, "loai": "Tán dày ổn định — cây lâu năm/vườn" }, "geometry": { "type": "Polygon", "coordinates": [ [ [ 105.853685111352377, 20.257603667838051 ], [ 105.853661670728826, 20.257607548552063 ], [ 105.853647882126751, 20.257685162811992 ], [ 105.853658913008417, 20.257703272800395 ], [ 105.853643745546123, 20.257681282099909 ], [ 105.853625820363419, 20.257716208505098 ], [ 105.853617547202163, 20.257889546844165 ], [ 105.853599622019459, 20.257914124652697 ], [ 105.853562392793847, 20.257918005358942 ], [ 105.853572044815294, 20.257971041668036 ], [ 105.853643745546123, 20.257991738759333 ], [ 105.853692005653429, 20.257964573826431 ], [ 105.853653397567584, 20.257923179633799 ], [ 105.853679595911544, 20.257934821751594 ], [ 105.8536878690728, 20.257896014688892 ], [ 105.853698899954452, 20.257914124652697 ], [ 105.853704415395285, 20.257898601826714 ], [ 105.853733371459668, 20.257897308257796 ], [ 105.853708551975913, 20.257866262600913 ], [ 105.853725098298412, 20.25785591404723 ], [ 105.853692005653429, 20.257845565492879 ], [ 105.853692005653429, 20.257811932686423 ], [ 105.853711309696322, 20.257811932686419 ], [ 105.853697521094247, 20.257747254192005 ], [ 105.853715446276951, 20.257727850638414 ], [ 105.853740265760706, 20.257745960621826 ], [ 105.853744402341334, 20.257718795645896 ], [ 105.853788525867998, 20.257679988529198 ], [ 105.853776116126113, 20.257647649257873 ], [ 105.853751296642372, 20.257639887831754 ], [ 105.853748538921948, 20.257660584967198 ], [ 105.853685111352377, 20.257603667838051 ] ] ] } },
{ "type": "Feature", "properties": { "lo_id": "L56", "seg": 91, "area_ha": 0.0414, "ndvi_2026-07-18": 0.788, "ndvi_2026-07-26": 0.734, "ndvi_2026-08-10": 0.766, "ndvi_change": -0.022, "loai": "Tán dày ổn định — cây lâu năm/vườn" }, "geometry": { "type": "Polygon", "coordinates": [ [ [ 105.853792662448612, 20.257645062115863 ], [ 105.853769221825075, 20.257711034223348 ], [ 105.853744402341334, 20.257718795645896 ], [ 105.853747160061744, 20.257739492770838 ], [ 105.85372923487904, 20.257745960621829 ], [ 105.853715446276951, 20.257727850638414 ], [ 105.853697521094247, 20.257747254192005 ], [ 105.853711309696322, 20.257811932686419 ], [ 105.853692005653429, 20.257811932686423 ], [ 105.853692005653429, 20.257845565492879 ], [ 105.853727856018821, 20.257858501185734 ], [ 105.853708551975913, 20.257866262600913 ], [ 105.853733371459668, 20.257897308257796 ], [ 105.853704415395285, 20.257898601826714 ], [ 105.853698899954452, 20.257914124652697 ], [ 105.8536878690728, 20.257896014688892 ], [ 105.853679595911544, 20.257934821751594 ], [ 105.853653397567584, 20.257923179633799 ], [ 105.853693384513619, 20.257965867394773 ], [ 105.85373199259945, 20.257919298927678 ], [ 105.853904350125489, 20.257871436877497 ], [ 105.853871257480492, 20.257837804076647 ], [ 105.853871257480492, 20.257723969927401 ], [ 105.853834028254866, 20.257681282099909 ], [ 105.853802314470087, 20.257674814246251 ], [ 105.853792662448612, 20.257645062115863 ] ] ] } },
{ "type": "Feature", "properties": { "lo_id": "L57", "seg": 183, "area_ha": 0.0389, "ndvi_2026-07-18": 0.485, "ndvi_2026-07-26": 0.481, "ndvi_2026-08-10": 0.597, "ndvi_change": 0.112, "loai": "Sinh trưởng đều" }, "geometry": { "type": "Polygon", "coordinates": [ [ [ 105.854631009455247, 20.255922015969428 ], [ 105.854305598446103, 20.255978933715113 ], [ 105.854298704145052, 20.2560190348416 ], [ 105.854457273069002, 20.256004805410811 ], [ 105.854486229133386, 20.256013860503266 ], [ 105.854457273069002, 20.256033264271082 ], [ 105.854522079498793, 20.256063016710332 ], [ 105.854512427477346, 20.256082420471987 ], [ 105.854538625821291, 20.256075952551708 ], [ 105.85454276240192, 20.256110879318037 ], [ 105.854631009455247, 20.256100530647352 ], [ 105.854657207799207, 20.256091475559934 ], [ 105.854657207799207, 20.25605008086788 ], [ 105.854615841992967, 20.255949181259751 ], [ 105.854640661476708, 20.255944006919094 ], [ 105.854631009455247, 20.255922015969428 ] ] ] } },
{ "type": "Feature", "properties": { "lo_id": "L58", "seg": 95, "area_ha": 0.0385, "ndvi_2026-07-18": 0.502, "ndvi_2026-07-26": 0.533, "ndvi_2026-08-10": 0.561, "ndvi_change": 0.059, "loai": "Sinh trưởng đều" }, "geometry": { "type": "Polygon", "coordinates": [ [ [ 105.855109473947522, 20.257550631403451 ], [ 105.855105337366894, 20.257567447835896 ], [ 105.855077760162729, 20.257559686405759 ], [ 105.855055698399397, 20.257575209265642 ], [ 105.855048804098359, 20.257602374266696 ], [ 105.854995028550235, 20.25763471354745 ], [ 105.854862657970244, 20.257691630665235 ], [ 105.854840596206913, 20.25772785063841 ], [ 105.854677890702334, 20.257810639116794 ], [ 105.854631009455247, 20.257818400534383 ], [ 105.854632388315466, 20.257848152631542 ], [ 105.854571718466289, 20.2578973082578 ], [ 105.85459515908984, 20.257901188964482 ], [ 105.854746833712753, 20.257815813395229 ], [ 105.854892992894818, 20.257758896322983 ], [ 105.855217025043771, 20.257563567120879 ], [ 105.855141187732315, 20.257575209265635 ], [ 105.855109473947522, 20.257550631403451 ] ] ] } },
{ "type": "Feature", "properties": { "lo_id": "L59", "seg": 45, "area_ha": 0.0374, "ndvi_2026-07-18": 0.873, "ndvi_2026-07-26": 0.806, "ndvi_2026-08-10": 0.803, "ndvi_change": -0.07, "loai": "Tán dày ổn định — cây lâu năm/vườn" }, "geometry": { "type": "Polygon", "coordinates": [ [ [ 105.852655102776779, 20.258238810073799 ], [ 105.852638556454281, 20.258275029919321 ], [ 105.852622010131796, 20.258275029919321 ], [ 105.852623388992001, 20.258309956190917 ], [ 105.852583402045951, 20.258295726970111 ], [ 105.852582023185747, 20.25827114922199 ], [ 105.852577886605118, 20.258326772541103 ], [ 105.852559961422415, 20.258320304714317 ], [ 105.852557203701991, 20.258343588889481 ], [ 105.85253100535806, 20.25834229532428 ], [ 105.852547551680544, 20.258347469584997 ], [ 105.852547551680544, 20.258394037923644 ], [ 105.852588917486784, 20.258448367634418 ], [ 105.852580644325556, 20.258500110198426 ], [ 105.852606842669502, 20.258488468123033 ], [ 105.852626146712424, 20.258511752272952 ], [ 105.852619252411372, 20.25848200030299 ], [ 105.85259994836845, 20.258474238918581 ], [ 105.852606842669502, 20.258441899812702 ], [ 105.852659239357408, 20.258483293867005 ], [ 105.852644071895114, 20.258463890405434 ], [ 105.852670270239074, 20.258470358226237 ], [ 105.852714393765737, 20.258449661198732 ], [ 105.852754380711787, 20.258414734958567 ], [ 105.852762653873029, 20.258383689405154 ], [ 105.852729561228031, 20.25837592801583 ], [ 105.852729561228031, 20.2583578181059 ], [ 105.85274610755053, 20.258355230975749 ], [ 105.852735076668864, 20.258306075494463 ], [ 105.852759896152619, 20.258311249756392 ], [ 105.852733697808659, 20.25827891061655 ], [ 105.852689574281996, 20.258297020535693 ], [ 105.852655102776779, 20.258238810073799 ] ] ] } },
{ "type": "Feature", "properties": { "lo_id": "L60", "seg": 93, "area_ha": 0.0373, "ndvi_2026-07-18": 0.427, "ndvi_2026-07-26": null, "ndvi_2026-08-10": 0.465, "ndvi_change": 0.038, "loai": "Che phủ thưa / đất trống, công trình" }, "geometry": { "type": "Polygon", "coordinates": [ [ [ 105.851684385190154, 20.257356595512753 ], [ 105.851819513490568, 20.257488539944806 ], [ 105.851769874523086, 20.257462668496373 ], [ 105.852069740987062, 20.257824188170009 ], [ 105.852193184607017, 20.25793999602589 ], [ 105.852191805746799, 20.257910243946348 ], [ 105.852070466048488, 20.257778299872673 ], [ 105.852098043252639, 20.257796409850219 ], [ 105.852106316413895, 20.257742079911274 ], [ 105.852020827080992, 20.257667052821471 ], [ 105.852037373403476, 20.257636007118538 ], [ 105.852008417339107, 20.257608842123375 ], [ 105.851967051532853, 20.257611429265989 ], [ 105.851925685726613, 20.257588144981021 ], [ 105.851736781878074, 20.257366944099694 ], [ 105.851729887577022, 20.257394109137188 ], [ 105.851684385190154, 20.257356595512753 ] ] ] } },
{ "type": "Feature", "properties": { "lo_id": "L61", "seg": 24, "area_ha": 0.0367, "ndvi_2026-07-18": 0.756, "ndvi_2026-07-26": 0.652, "ndvi_2026-08-10": 0.658, "ndvi_change": -0.098, "loai": "Sinh trưởng đều" }, "geometry": { "type": "Polygon", "coordinates": [ [ [ 105.852809535120116, 20.258665686287369 ], [ 105.852808156259911, 20.258716135216861 ], [ 105.852786094496565, 20.258677328349471 ], [ 105.852747486410735, 20.258674741224645 ], [ 105.852753001851568, 20.258695438222119 ], [ 105.852737834389288, 20.258686383286069 ], [ 105.852748865270954, 20.258707080282015 ], [ 105.852735076668864, 20.258787281115204 ], [ 105.852748865270954, 20.2588002167296 ], [ 105.852726803507622, 20.258797629606786 ], [ 105.852879856990739, 20.258982608777568 ], [ 105.852888130151982, 20.258941214856403 ], [ 105.852907434194904, 20.258974847418198 ], [ 105.852919843936775, 20.258963205378397 ], [ 105.852903297614276, 20.258932159934677 ], [ 105.852933632538864, 20.258903701605806 ], [ 105.852878478130521, 20.258846784932427 ], [ 105.852889509012186, 20.258805390975031 ], [ 105.852908813055109, 20.258797629606789 ], [ 105.852861931808036, 20.258758822759777 ], [ 105.852879856990739, 20.258742006456398 ], [ 105.852903297614276, 20.258753648512776 ], [ 105.852823323722191, 20.258699318908842 ], [ 105.852809535120116, 20.258665686287369 ] ] ] } },
{ "type": "Feature", "properties": { "lo_id": "L62", "seg": 41, "area_ha": 0.0355, "ndvi_2026-07-18": 0.591, "ndvi_2026-07-26": 0.573, "ndvi_2026-08-10": 0.606, "ndvi_change": 0.015, "loai": "Sinh trưởng đều" }, "geometry": { "type": "Polygon", "coordinates": [ [ [ 105.854218730252981, 20.258137911888181 ], [ 105.853867120899864, 20.258322891845072 ], [ 105.853829891674238, 20.258357818105903 ], [ 105.853831270534442, 20.258395331488408 ], [ 105.853809208771111, 20.258369460191094 ], [ 105.85357066595509, 20.258564788379203 ], [ 105.854189774188598, 20.258203883786198 ], [ 105.854232518855056, 20.258163783224084 ], [ 105.854218730252981, 20.258137911888181 ] ] ] } },
{ "type": "Feature", "properties": { "lo_id": "L63", "seg": 71, "area_ha": 0.0355, "ndvi_2026-07-18": 0.484, "ndvi_2026-07-26": 0.485, "ndvi_2026-08-10": 0.518, "ndvi_change": 0.034, "loai": "Che phủ thưa / đất trống, công trình" }, "geometry": { "type": "Polygon", "coordinates": [ [ [ 105.854225624554019, 20.25795551884773 ], [ 105.854159439264023, 20.257965867394773 ], [ 105.854145650661934, 20.257991738759337 ], [ 105.854118073457784, 20.257986564486778 ], [ 105.854112558016936, 20.258007261576029 ], [ 105.854094632834233, 20.257987858054939 ], [ 105.854097390554642, 20.258013729415847 ], [ 105.854075328791311, 20.258026665094675 ], [ 105.854107042576103, 20.258071939962115 ], [ 105.854124967758807, 20.258073233529565 ], [ 105.85413048319964, 20.258104279145062 ], [ 105.854047751587146, 20.258150847556657 ], [ 105.854075328791311, 20.258192241688594 ], [ 105.854071192210696, 20.258216819449189 ], [ 105.854220109113186, 20.25813661832127 ], [ 105.854232518855056, 20.25815084755666 ], [ 105.85423527657548, 20.258091343472696 ], [ 105.854295946424642, 20.258003380871997 ], [ 105.854247686317365, 20.25801502298377 ], [ 105.854225624554019, 20.25795551884773 ] ] ] } },
{ "type": "Feature", "properties": { "lo_id": "L64", "seg": 132, "area_ha": 0.0339, "ndvi_2026-07-18": 0.673, "ndvi_2026-07-26": 0.636, "ndvi_2026-08-10": 0.588, "ndvi_change": -0.085, "loai": "Sinh trưởng đều" }, "geometry": { "type": "Polygon", "coordinates": [ [ [ 105.852586159766375, 20.256984045922724 ], [ 105.852536520798878, 20.25717549512926 ], [ 105.852521353336584, 20.257163852954534 ], [ 105.852510322454918, 20.257192311602331 ], [ 105.852504807014085, 20.257166440104548 ], [ 105.852502049293662, 20.257200073050839 ], [ 105.852477229809921, 20.257187137303113 ], [ 105.852486881831382, 20.25720654092428 ], [ 105.852448273745537, 20.257216889521246 ], [ 105.852470335508869, 20.257234999564268 ], [ 105.852437242863871, 20.257247935307998 ], [ 105.852464820068036, 20.257250522456616 ], [ 105.852463441207831, 20.257288036106697 ], [ 105.852751622991377, 20.257266045347411 ], [ 105.852739213249492, 20.257246641733666 ], [ 105.852682679980944, 20.257250522456612 ], [ 105.852677164540111, 20.2571936051771 ], [ 105.852711636045328, 20.257171614404452 ], [ 105.852689574281996, 20.257181963003735 ], [ 105.85267854340033, 20.25715867865436 ], [ 105.852657860497203, 20.257165146529537 ], [ 105.852673027959497, 20.257181963003738 ], [ 105.852637177594076, 20.257181963003738 ], [ 105.852644071895114, 20.257170320829474 ], [ 105.852617873551168, 20.257150917203795 ], [ 105.852608221529707, 20.25718843087795 ], [ 105.85259994836845, 20.257193605177104 ], [ 105.852580644325556, 20.257115990671426 ], [ 105.852602706088874, 20.257009917450926 ], [ 105.852586159766375, 20.256984045922724 ] ] ] } },
{ "type": "Feature", "properties": { "lo_id": "L65", "seg": 153, "area_ha": 0.0337, "ndvi_2026-07-18": 0.77, "ndvi_2026-07-26": 0.731, "ndvi_2026-08-10": 0.766, "ndvi_change": -0.004, "loai": "Tán dày ổn định — cây lâu năm/vườn" }, "geometry": { "type": "Polygon", "coordinates": [ [ [ 105.853966398834856, 20.256529999901154 ], [ 105.853962262254257, 20.256551990764716 ], [ 105.853998112619649, 20.256595972482472 ], [ 105.853977429716522, 20.256579155944802 ], [ 105.8538229973732, 20.256594678902722 ], [ 105.853805072190497, 20.256603733960773 ], [ 105.853847816856955, 20.256615376177535 ], [ 105.85386298431925, 20.256639954187779 ], [ 105.853827133953828, 20.256668412931624 ], [ 105.853857468878402, 20.256681348722559 ], [ 105.853845059136532, 20.256700752406946 ], [ 105.853900213544861, 20.256700752406942 ], [ 105.853988460598202, 20.256687816617632 ], [ 105.85399535489924, 20.256665825773322 ], [ 105.854002249200278, 20.256659357877336 ], [ 105.853998112619649, 20.256673587248141 ], [ 105.854013280081944, 20.256667119352482 ], [ 105.854025689823814, 20.256683935880613 ], [ 105.854031205264647, 20.256748614818047 ], [ 105.854051888167774, 20.256747321239551 ], [ 105.854057403608607, 20.256768018494025 ], [ 105.854075328791311, 20.256583036684432 ], [ 105.854032584124852, 20.256571394465269 ], [ 105.854024310963609, 20.256542935703635 ], [ 105.853966398834856, 20.256529999901154 ] ] ] } },
{ "type": "Feature", "properties": { "lo_id": "L66", "seg": 180, "area_ha": 0.0323, "ndvi_2026-07-18": 0.145, "ndvi_2026-07-26": 0.274, "ndvi_2026-08-10": 0.595, "ndvi_change": 0.45, "loai": "Bật xanh mạnh — mới gieo/tái sinh" }, "geometry": { "type": "Polygon", "coordinates": [ [ [ 105.854970209066494, 20.256009979749422 ], [ 105.854868173411077, 20.256059135957706 ], [ 105.854833701905889, 20.256094062727815 ], [ 105.854892992894818, 20.256105704982787 ], [ 105.854895750615242, 20.256123815155426 ], [ 105.85496745134607, 20.256116053653127 ], [ 105.854952283883776, 20.256132870240958 ], [ 105.854970209066494, 20.256149686826976 ], [ 105.855036394356489, 20.256160035494386 ], [ 105.855134293431291, 20.256101824231237 ], [ 105.855120504829188, 20.25605008086788 ], [ 105.855101200786279, 20.256052668036457 ], [ 105.855132914571072, 20.256030677102164 ], [ 105.855088791044395, 20.256028089933235 ], [ 105.855086033323985, 20.256015154087866 ], [ 105.855077760162729, 20.256028089933238 ], [ 105.855072244721896, 20.25601256691866 ], [ 105.854992270829825, 20.256028089933238 ], [ 105.854970209066494, 20.256009979749422 ] ] ] } },
{ "type": "Feature", "properties": { "lo_id": "L67", "seg": 34, "area_ha": 0.0308, "ndvi_2026-07-18": 0.936, "ndvi_2026-07-26": 0.883, "ndvi_2026-08-10": 0.877, "ndvi_change": -0.059, "loai": "Tán dày ổn định — cây lâu năm/vườn" }, "geometry": { "type": "Polygon", "coordinates": [ [ [ 105.85310323234448, 20.258454835455851 ], [ 105.853089443742391, 20.258493642378873 ], [ 105.853060487678022, 20.25848717455905 ], [ 105.853059108817817, 20.258514339400513 ], [ 105.853010848710525, 20.258515632964279 ], [ 105.853005333269692, 20.25858548539134 ], [ 105.853027395033024, 20.258595833896383 ], [ 105.853035668194266, 20.258629466533005 ], [ 105.853006712129911, 20.258643695723215 ], [ 105.853067381979059, 20.258628172970194 ], [ 105.853111505505723, 20.258669566974838 ], [ 105.853126672968017, 20.2586191180302 ], [ 105.853112884365942, 20.258595833896379 ], [ 105.853185963956975, 20.258584191828156 ], [ 105.853191479397807, 20.258550559181735 ], [ 105.853236981784676, 20.258567375505859 ], [ 105.853238360644895, 20.258599714585596 ], [ 105.853246633806151, 20.258584191828156 ], [ 105.853286620752172, 20.258590659643946 ], [ 105.853272832150097, 20.25857772401211 ], [ 105.853283863031763, 20.258551852745189 ], [ 105.853245254945932, 20.258536329982977 ], [ 105.853235602924471, 20.258498816634532 ], [ 105.853163902193643, 20.258511752272955 ], [ 105.85315838675281, 20.25848588099505 ], [ 105.853128051828222, 20.258483293867009 ], [ 105.85310323234448, 20.258454835455851 ] ] ] } },
{ "type": "Feature", "properties": { "lo_id": "L68", "seg": 163, "area_ha": 0.0305, "ndvi_2026-07-18": 0.379, "ndvi_2026-07-26": 0.352, "ndvi_2026-08-10": 0.364, "ndvi_change": -0.015, "loai": "Che phủ thưa / đất trống, công trình" }, "geometry": { "type": "Polygon", "coordinates": [ [ [ 105.852681301120739, 20.256304916765707 ], [ 105.852593054067412, 20.256325614079131 ], [ 105.85255858256221, 20.25637088944266 ], [ 105.852586159766375, 20.256505421873502 ], [ 105.852598569508245, 20.25646532087265 ], [ 105.852610979250116, 20.256567513725351 ], [ 105.852617873551168, 20.256550697184593 ], [ 105.852631662153243, 20.256579155944802 ], [ 105.852674406819702, 20.256570100885309 ], [ 105.85267854340033, 20.256491192487292 ], [ 105.852690953142215, 20.256559752245234 ], [ 105.852718530346365, 20.256559752245234 ], [ 105.852666133658445, 20.256345017807973 ], [ 105.852688195421791, 20.256329494825088 ], [ 105.852668891378869, 20.256326907661126 ], [ 105.852681301120739, 20.256304916765707 ] ] ] } },
{ "type": "Feature", "properties": { "lo_id": "L69", "seg": 108, "area_ha": 0.0303, "ndvi_2026-07-18": 0.878, "ndvi_2026-07-26": 0.822, "ndvi_2026-08-10": 0.821, "ndvi_change": -0.057, "loai": "Tán dày ổn định — cây lâu năm/vườn" }, "geometry": { "type": "Polygon", "coordinates": [ [ [ 105.853955367953191, 20.2574820720831 ], [ 105.853868499760068, 20.257488539944806 ], [ 105.853902971265285, 20.257533814969186 ], [ 105.853880909501953, 20.257544163544345 ], [ 105.853845059136532, 20.257510530672594 ], [ 105.853820239652777, 20.25751570496103 ], [ 105.853838164835494, 20.257548044259845 ], [ 105.853829891674238, 20.257576502837225 ], [ 105.853755433223, 20.257604961409399 ], [ 105.853759569803614, 20.257624364978334 ], [ 105.853799556749664, 20.257625658549522 ], [ 105.853755433223, 20.257633419976344 ], [ 105.853781631566946, 20.257652823541743 ], [ 105.853795420169035, 20.257645062115863 ], [ 105.853803693330278, 20.257676107816991 ], [ 105.853827133953828, 20.257672227104699 ], [ 105.8538229973732, 20.257645062115859 ], [ 105.853839543695699, 20.257689043523968 ], [ 105.853865742039659, 20.257672227104699 ], [ 105.85387539406112, 20.257632126405241 ], [ 105.853894698104028, 20.257655410683604 ], [ 105.853970535415485, 20.257651529970783 ], [ 105.853965019974652, 20.257628245691844 ], [ 105.853940200490896, 20.257617897122294 ], [ 105.853945715931729, 20.257589438552493 ], [ 105.853976050856318, 20.257581677123468 ], [ 105.853992597178831, 20.257527347109377 ], [ 105.853965019974652, 20.257511824244713 ], [ 105.853955367953191, 20.2574820720831 ] ] ] } },
{ "type": "Feature", "properties": { "lo_id": "L70", "seg": 137, "area_ha": 0.0285, "ndvi_2026-07-18": 0.049, "ndvi_2026-07-26": null, "ndvi_2026-08-10": 0.15, "ndvi_change": 0.101, "loai": "Che phủ thưa / đất trống, công trình" }, "geometry": { "type": "Polygon", "coordinates": [ [ [ 105.851842954114105, 20.256568807305332 ], [ 105.851943610909316, 20.256691697354547 ], [ 105.851928443447022, 20.256700752406942 ], [ 105.851907760543895, 20.256686523038635 ], [ 105.851984976715556, 20.256779660698442 ], [ 105.852361405552415, 20.257192311602331 ], [ 105.85237105757389, 20.257167733679534 ], [ 105.852252475595961, 20.257012504603495 ], [ 105.851842954114105, 20.256568807305332 ] ] ] } },
{ "type": "Feature", "properties": { "lo_id": "L71", "seg": 182, "area_ha": 0.028, "ndvi_2026-07-18": 0.419, "ndvi_2026-07-26": 0.452, "ndvi_2026-08-10": 0.554, "ndvi_change": 0.135, "loai": "Sinh trưởng đều" }, "geometry": { "type": "Polygon", "coordinates": [ [ [ 105.85358307569696, 20.256009979749418 ], [ 105.853561013933628, 20.256012566918656 ], [ 105.853547225331553, 20.25604102577752 ], [ 105.853327986558426, 20.256075952551715 ], [ 105.85334177516053, 20.256078539719848 ], [ 105.853337638579887, 20.256097943479574 ], [ 105.853434158794471, 20.256100530647352 ], [ 105.853445189676137, 20.256121227988046 ], [ 105.853596864299035, 20.256100530647352 ], [ 105.853620304922586, 20.256106998566612 ], [ 105.853602379739868, 20.256116053653127 ], [ 105.853602379739868, 20.256121227988039 ], [ 105.853654776427788, 20.25612898949008 ], [ 105.853678217051325, 20.256119934404332 ], [ 105.853668565029878, 20.256105704982783 ], [ 105.853720961717784, 20.256105704982783 ], [ 105.85375819094341, 20.256073365383514 ], [ 105.853734750319873, 20.256072071799405 ], [ 105.853723719438207, 20.256048787283568 ], [ 105.853618926062367, 20.256061723126134 ], [ 105.853645124406327, 20.25605266803645 ], [ 105.853639608965494, 20.256029383517703 ], [ 105.853596864299035, 20.256028089933238 ], [ 105.85358307569696, 20.256009979749418 ] ] ] } },
{ "type": "Feature", "properties": { "lo_id": "L72", "seg": 135, "area_ha": 0.0267, "ndvi_2026-07-18": 0.876, "ndvi_2026-07-26": 0.811, "ndvi_2026-08-10": 0.845, "ndvi_change": -0.031, "loai": "Tán dày ổn định — cây lâu năm/vườn" }, "geometry": { "type": "Polygon", "coordinates": [ [ [ 105.85406291904944, 20.257052605463002 ], [ 105.854040857286108, 20.257104348492238 ], [ 105.854002249200278, 20.257096587038948 ], [ 105.853971914275689, 20.257068128373596 ], [ 105.853958125673614, 20.257091412736543 ], [ 105.853933306189859, 20.257078476979775 ], [ 105.85392779074904, 20.257093999887779 ], [ 105.853889182663195, 20.257086238433974 ], [ 105.85379679902924, 20.257115990671426 ], [ 105.853865742039659, 20.257149623628656 ], [ 105.853869878620287, 20.257197485901372 ], [ 105.853925033028617, 20.257200073050832 ], [ 105.853949852512358, 20.257223357393997 ], [ 105.853980187436946, 20.257207834498949 ], [ 105.854005006920687, 20.257228531692007 ], [ 105.854009143501315, 20.257196192326653 ], [ 105.85399535489924, 20.25718843087795 ], [ 105.854021553243186, 20.257192311602324 ], [ 105.854044993866736, 20.257167733679534 ], [ 105.854039478425904, 20.25714444932802 ], [ 105.854075328791311, 20.257072009100991 ], [ 105.85406291904944, 20.257052605463002 ] ] ] } },
{ "type": "Feature", "properties": { "lo_id": "L73", "seg": 160, "area_ha": 0.026, "ndvi_2026-07-18": 0.462, "ndvi_2026-07-26": 0.446, "ndvi_2026-08-10": 0.471, "ndvi_change": 0.009, "loai": "Che phủ thưa / đất trống, công trình" }, "geometry": { "type": "Polygon", "coordinates": [ [ [ 105.852728182367827, 20.25629456810794 ], [ 105.852692332002405, 20.256299742436909 ], [ 105.852668891378869, 20.256324320497125 ], [ 105.852688195421791, 20.256337256316719 ], [ 105.852666133658445, 20.256345017807973 ], [ 105.852715772625956, 20.256557165085091 ], [ 105.852743349830121, 20.25655457792492 ], [ 105.85277230589449, 20.25662313765487 ], [ 105.85279850423845, 20.256585623844128 ], [ 105.852787473356784, 20.256484724584048 ], [ 105.852728182367827, 20.25629456810794 ] ] ] } }
]
}
